Longitude (x),Latitude (y),Station Name,Climate ID,Date/Time (LST),Year,Month,Day,Time (LST),Temp (°C),Temp Flag,Dew Point Temp (°C),Dew Point Temp Flag,Rel Hum (%),Rel Hum Flag,Precip. Amount (mm),Precip. Amount Flag,Wind Dir (10s deg),Wind Dir Flag,Wind Spd (km/h),Wind Spd Flag,Visibility (km),Visibility Flag,Stn Press (kPa),Stn Press Flag,Hmdx,Hmdx Flag,Wind Chill,Wind Chill Flag,Weather
-79.37,43.86,TORONTO BUTTONVILLE A,6158409,4/1/2022 0:00,2022,4,1,0:00,3.5,,-2,,67,,,M,27,,32,,,M,97.64,,,,,,NA
-79.37,43.86,TORONTO BUTTONVILLE A,6158409,4/1/2022 1:00,2022,4,1,1:00,2.8,,-2.6,,68,,,M,28,,28,,,M,97.66,,,,,,NA
-79.37,43.86,TORONTO BUTTONVILLE A,6158409,4/1/2022 2:00,2022,4,1,2:00,2.4,,-2.2,,72,,,M,28,,23,,,M,97.64,,,,,,NA
-79.37,43.86,TORONTO BUTTONVILLE A,6158409,4/1/2022 3:00,2022,4,1,3:00,2.2,,-2.2,,73,,,M,28,,22,,,M,97.68,,,,,,NA
-79.37,43.86,TORONTO BUTTONVILLE A,6158409,4/1/2022 4:00,2022,4,1,4:00,1.8,,-2,,76,,,M,28,,21,,,M,97.69,,,,,,NA
-79.37,43.86,TORONTO BUTTONVILLE A,6158409,4/1/2022 5:00,2022,4,1,5:00,0.6,,-0.9,,90,,,M,27,,15,,,M,97.76,,,,,,NA
-79.37,43.86,TORONTO BUTTONVILLE A,6158409,4/1/2022 6:00,2022,4,1,6:00,0.1,,-0.7,,94,,,M,26,,16,,,M,97.81,,,,,,NA
-79.37,43.86,TORONTO BUTTONVILLE A,6158409,4/1/2022 7:00,2022,4,1,7:00,0,,-0.6,,96,,,M,26,,10,,,M,97.86,,,,-3,,NA
-79.37,43.86,TORONTO BUTTONVILLE A,6158409,4/1/2022 8:00,2022,4,1,8:00,0.6,,-0.5,,93,,,M,26,,23,,,M,97.88,,,,,,NA
-79.37,43.86,TORONTO BUTTONVILLE A,6158409,4/1/2022 9:00,2022,4,1,9:00,1,,-0.3,,91,,,M,31,,18,,,M,97.99,,,,,,NA
-79.37,43.86,TORONTO BUTTONVILLE A,6158409,4/1/2022 10:00,2022,4,1,10:00,1,,-1.6,,83,,,M,31,,32,,,M,98.1,,,,,,NA
-79.37,43.86,TORONTO BUTTONVILLE A,6158409,4/1/2022 11:00,2022,4,1,11:00,1,,-2.2,,79,,,M,30,,30,,,M,98.19,,,,,,NA
-79.37,43.86,TORONTO BUTTONVILLE A,6158409,4/1/2022 12:00,2022,4,1,12:00,1.3,,-3.7,,69,,,M,30,,38,,,M,98.28,,,,,,NA
-79.37,43.86,TORONTO BUTTONVILLE A,6158409,4/1/2022 13:00,2022,4,1,13:00,1.4,,-4.2,,67,,,M,30,,36,,,M,98.39,,,,,,NA
-79.37,43.86,TORONTO BUTTONVILLE A,6158409,4/1/2022 14:00,2022,4,1,14:00,1.3,,-4.5,,65,,,M,31,,42,,,M,98.46,,,,,,NA
-79.37,43.86,TORONTO BUTTONVILLE A,6158409,4/1/2022 15:00,2022,4,1,15:00,1.4,,-3.9,,68,,,M,30,,34,,,M,98.57,,,,,,NA
-79.37,43.86,TORONTO BUTTONVILLE A,6158409,4/1/2022 16:00,2022,4,1,16:00,1.6,,-4.5,,64,,,M,29,,36,,,M,98.69,,,,,,NA
-79.37,43.86,TORONTO BUTTONVILLE A,6158409,4/1/2022 17:00,2022,4,1,17:00,1.3,,-4.4,,66,,,M,29,,30,,,M,98.82,,,,,,NA
-79.37,43.86,TORONTO BUTTONVILLE A,6158409,4/1/2022 18:00,2022,4,1,18:00,0.8,,-4.3,,69,,,M,30,,32,,,M,98.95,,,,,,NA
-79.37,43.86,TORONTO BUTTONVILLE A,6158409,4/1/2022 19:00,2022,4,1,19:00,0.1,,-4.5,,72,,,M,30,,26,,,M,99.08,,,,,,NA
-79.37,43.86,TORONTO BUTTONVILLE A,6158409,4/1/2022 20:00,2022,4,1,20:00,-0.2,,-6.3,,64,,,M,28,,29,,,M,99.22,,,,-7,,NA
-79.37,43.86,TORONTO BUTTONVILLE A,6158409,4/1/2022 21:00,2022,4,1,21:00,-0.5,,-6.7,,63,,,M,29,,29,,,M,99.32,,,,-7,,NA
-79.37,43.86,TORONTO BUTTONVILLE A,6158409,4/1/2022 22:00,2022,4,1,22:00,-0.7,,-6.8,,64,,,M,28,,34,,,M,99.41,,,,-8,,NA
-79.37,43.86,TORONTO BUTTONVILLE A,6158409,4/1/2022 23:00,2022,4,1,23:00,-0.8,,-6.8,,64,,,M,28,,25,,,M,99.48,,,,-7,,NA
-79.37,43.86,TORONTO BUTTONVILLE A,6158409,4/2/2022 0:00,2022,4,2,0:00,-1.1,,-6.7,,66,,,M,28,,27,,,M,99.52,,,,-8,,NA
-79.37,43.86,TORONTO BUTTONVILLE A,6158409,4/2/2022 1:00,2022,4,2,1:00,-1.5,,-6.8,,67,,,M,27,,22,,,M,99.54,,,,-7,,NA
-79.37,43.86,TORONTO BUTTONVILLE A,6158409,4/2/2022 2:00,2022,4,2,2:00,-1.8,,-6.5,,70,,,M,28,,21,,,M,99.57,,,,-8,,NA
-79.37,43.86,TORONTO BUTTONVILLE A,6158409,4/2/2022 3:00,2022,4,2,3:00,-2.4,,-6.5,,73,,,M,26,,7,,,M,99.59,,,,-5,,NA
-79.37,43.86,TORONTO BUTTONVILLE A,6158409,4/2/2022 4:00,2022,4,2,4:00,-2.7,,-6.3,,76,,,M,22,,5,,,M,99.65,,,,-5,,NA
-79.37,43.86,TORONTO BUTTONVILLE A,6158409,4/2/2022 5:00,2022,4,2,5:00,-2.8,,-6.4,,76,,,M,25,,5,,,M,99.68,,,,-5,,NA
-79.37,43.86,TORONTO BUTTONVILLE A,6158409,4/2/2022 6:00,2022,4,2,6:00,-3,,-5.7,,82,,,M,20,,4,,,M,99.71,,,,-5,,NA
-79.37,43.86,TORONTO BUTTONVILLE A,6158409,4/2/2022 7:00,2022,4,2,7:00,-1.5,,-5.9,,72,,,M,25,,8,,,M,99.76,,,,-5,,NA
-79.37,43.86,TORONTO BUTTONVILLE A,6158409,4/2/2022 8:00,2022,4,2,8:00,0.1,,-4.7,,70,,,M,24,,8,,,M,99.75,,,,,,NA
-79.37,43.86,TORONTO BUTTONVILLE A,6158409,4/2/2022 9:00,2022,4,2,9:00,1.3,,-5.3,,61,,,M,28,,9,,,M,99.72,,,,,,NA
-79.37,43.86,TORONTO BUTTONVILLE A,6158409,4/2/2022 10:00,2022,4,2,10:00,2.1,,-5.6,,56,,,M,28,,14,,,M,99.69,,,,,,NA
-79.37,43.86,TORONTO BUTTONVILLE A,6158409,4/2/2022 11:00,2022,4,2,11:00,3.3,,-5,,54,,,M,26,,3,,,M,99.58,,,,,,NA
-79.37,43.86,TORONTO BUTTONVILLE A,6158409,4/2/2022 12:00,2022,4,2,12:00,5.1,,-3,,56,,,M,23,,7,,,M,99.47,,,,,,NA
-79.37,43.86,TORONTO BUTTONVILLE A,6158409,4/2/2022 13:00,2022,4,2,13:00,5,,-4.5,,50,,,M,22,,20,,,M,99.41,,,,,,NA
-79.37,43.86,TORONTO BUTTONVILLE A,6158409,4/2/2022 14:00,2022,4,2,14:00,5.7,,-3.9,,50,,,M,20,,14,,,M,99.33,,,,,,NA
-79.37,43.86,TORONTO BUTTONVILLE A,6158409,4/2/2022 15:00,2022,4,2,15:00,5.2,,-6.8,,42,,,M,14,,10,,,M,99.25,,,,,,NA
-79.37,43.86,TORONTO BUTTONVILLE A,6158409,4/2/2022 16:00,2022,4,2,16:00,5.4,,-7.4,,39,,,M,14,,14,,,M,99.16,,,,,,NA
-79.37,43.86,TORONTO BUTTONVILLE A,6158409,4/2/2022 17:00,2022,4,2,17:00,4.9,,-7.8,,39,,,M,14,,13,,,M,99.11,,,,,,NA
-79.37,43.86,TORONTO BUTTONVILLE A,6158409,4/2/2022 18:00,2022,4,2,18:00,4.6,,-10.6,,32,,,M,12,,10,,,M,99.06,,,,,,NA
-79.37,43.86,TORONTO BUTTONVILLE A,6158409,4/2/2022 19:00,2022,4,2,19:00,3.4,,-7.2,,46,,,M,14,,8,,,M,99.05,,,,,,NA
-79.37,43.86,TORONTO BUTTONVILLE A,6158409,4/2/2022 20:00,2022,4,2,20:00,3.2,,-6,,51,,,M,15,,7,,,M,99.05,,,,,,NA
-79.37,43.86,TORONTO BUTTONVILLE A,6158409,4/2/2022 21:00,2022,4,2,21:00,2.3,,-3.3,,67,,,M,15,,12,,,M,98.99,,,,,,NA
-79.37,43.86,TORONTO BUTTONVILLE A,6158409,4/2/2022 22:00,2022,4,2,22:00,2,,-3.7,,66,,,M,18,,8,,,M,98.98,,,,,,NA
-79.37,43.86,TORONTO BUTTONVILLE A,6158409,4/2/2022 23:00,2022,4,2,23:00,1.8,,-3.4,,68,,,M,17,,8,,,M,98.93,,,,,,NA
-79.37,43.86,TORONTO BUTTONVILLE A,6158409,4/3/2022 0:00,2022,4,3,0:00,1.3,,-2.7,,75,,,M,32,,8,,,M,98.83,,,,,,NA
-79.37,43.86,TORONTO BUTTONVILLE A,6158409,4/3/2022 1:00,2022,4,3,1:00,1,,-2.3,,79,,,M,31,,10,,,M,98.76,,,,,,NA
-79.37,43.86,TORONTO BUTTONVILLE A,6158409,4/3/2022 2:00,2022,4,3,2:00,0.6,,-2.3,,81,,,M,30,,11,,,M,98.7,,,,,,NA
-79.37,43.86,TORONTO BUTTONVILLE A,6158409,4/3/2022 3:00,2022,4,3,3:00,0.6,,-2.4,,80,,,M,31,,12,,,M,98.67,,,,,,NA
-79.37,43.86,TORONTO BUTTONVILLE A,6158409,4/3/2022 4:00,2022,4,3,4:00,0.8,,-3.3,,75,,,M,31,,13,,,M,98.66,,,,,,NA
-79.37,43.86,TORONTO BUTTONVILLE A,6158409,4/3/2022 5:00,2022,4,3,5:00,0.9,,-3.9,,71,,,M,31,,14,,,M,98.68,,,,,,NA
-79.37,43.86,TORONTO BUTTONVILLE A,6158409,4/3/2022 6:00,2022,4,3,6:00,0.7,,-4,,71,,,M,30,,19,,,M,98.7,,,,,,NA
-79.37,43.86,TORONTO BUTTONVILLE A,6158409,4/3/2022 7:00,2022,4,3,7:00,1.5,,-3.9,,67,,,M,29,,18,,,M,98.76,,,,,,NA
-79.37,43.86,TORONTO BUTTONVILLE A,6158409,4/3/2022 8:00,2022,4,3,8:00,2,,-2.3,,73,,,M,30,,23,,,M,98.78,,,,,,NA
-79.37,43.86,TORONTO BUTTONVILLE A,6158409,4/3/2022 9:00,2022,4,3,9:00,2.9,,-1.4,,73,,,M,31,,18,,,M,98.8,,,,,,NA
-79.37,43.86,TORONTO BUTTONVILLE A,6158409,4/3/2022 10:00,2022,4,3,10:00,4.1,,-2.5,,62,,,M,32,,21,,,M,98.82,,,,,,NA
-79.37,43.86,TORONTO BUTTONVILLE A,6158409,4/3/2022 11:00,2022,4,3,11:00,4.5,,-3.1,,58,,,M,33,,15,,,M,98.83,,,,,,NA
-79.37,43.86,TORONTO BUTTONVILLE A,6158409,4/3/2022 12:00,2022,4,3,12:00,4.9,,-2.6,,59,,,M,32,,21,,,M,98.87,,,,,,NA
-79.37,43.86,TORONTO BUTTONVILLE A,6158409,4/3/2022 13:00,2022,4,3,13:00,4.9,,-2.3,,59,,,M,31,,25,,,M,98.9,,,,,,NA
-79.37,43.86,TORONTO BUTTONVILLE A,6158409,4/3/2022 14:00,2022,4,3,14:00,5.4,,0.3,,70,,,M,30,,26,,,M,98.92,,,,,,NA
-79.37,43.86,TORONTO BUTTONVILLE A,6158409,4/3/2022 15:00,2022,4,3,15:00,5,,-0.2,,69,,,M,30,,28,,,M,98.95,,,,,,NA
-79.37,43.86,TORONTO BUTTONVILLE A,6158409,4/3/2022 16:00,2022,4,3,16:00,4.9,,0.4,,73,,,M,30,,26,,,M,98.98,,,,,,NA
-79.37,43.86,TORONTO BUTTONVILLE A,6158409,4/3/2022 17:00,2022,4,3,17:00,4.8,,-1.2,,65,,,M,30,,33,,,M,99.03,,,,,,NA
-79.37,43.86,TORONTO BUTTONVILLE A,6158409,4/3/2022 18:00,2022,4,3,18:00,3.9,,-1.3,,69,,,M,31,,31,,,M,99.11,,,,,,NA
-79.37,43.86,TORONTO BUTTONVILLE A,6158409,4/3/2022 19:00,2022,4,3,19:00,2.8,,-2.7,,67,,,M,31,,29,,,M,99.18,,,,,,NA
-79.37,43.86,TORONTO BUTTONVILLE A,6158409,4/3/2022 20:00,2022,4,3,20:00,2.2,,-3.3,,67,,,M,31,,32,,,M,99.26,,,,,,NA
-79.37,43.86,TORONTO BUTTONVILLE A,6158409,4/3/2022 21:00,2022,4,3,21:00,1.3,,-3.7,,69,,,M,31,,24,,,M,99.29,,,,,,NA
-79.37,43.86,TORONTO BUTTONVILLE A,6158409,4/3/2022 22:00,2022,4,3,22:00,0.9,,-3.3,,74,,,M,30,,22,,,M,99.29,,,,,,NA
-79.37,43.86,TORONTO BUTTONVILLE A,6158409,4/3/2022 23:00,2022,4,3,23:00,0.6,,-3.4,,75,,,M,29,,22,,,M,99.31,,,,,,NA
-79.37,43.86,TORONTO BUTTONVILLE A,6158409,4/4/2022 0:00,2022,4,4,0:00,0,,-3.1,,80,,,M,30,,17,,,M,99.31,,,,-5,,NA
-79.37,43.86,TORONTO BUTTONVILLE A,6158409,4/4/2022 1:00,2022,4,4,1:00,0.1,,-3,,79,,,M,28,,20,,,M,99.36,,,,,,NA
-79.37,43.86,TORONTO BUTTONVILLE A,6158409,4/4/2022 2:00,2022,4,4,2:00,-0.8,,-3.1,,84,,,M,30,,14,,,M,99.34,,,,-5,,NA
-79.37,43.86,TORONTO BUTTONVILLE A,6158409,4/4/2022 3:00,2022,4,4,3:00,-0.5,,-2.9,,84,,,M,30,,17,,,M,99.33,,,,-5,,NA
-79.37,43.86,TORONTO BUTTONVILLE A,6158409,4/4/2022 4:00,2022,4,4,4:00,-0.8,,-3,,85,,,M,30,,14,,,M,99.34,,,,-5,,NA
-79.37,43.86,TORONTO BUTTONVILLE A,6158409,4/4/2022 5:00,2022,4,4,5:00,-0.9,,-2.9,,86,,,M,30,,14,,,M,99.29,,,,-5,,NA
-79.37,43.86,TORONTO BUTTONVILLE A,6158409,4/4/2022 6:00,2022,4,4,6:00,-1.2,,-2.7,,89,,,M,30,,14,,,M,99.34,,,,-6,,NA
-79.37,43.86,TORONTO BUTTONVILLE A,6158409,4/4/2022 7:00,2022,4,4,7:00,-0.4,,-2.2,,87,,,M,31,,9,,,M,99.37,,,,-4,,NA
-79.37,43.86,TORONTO BUTTONVILLE A,6158409,4/4/2022 8:00,2022,4,4,8:00,-0.6,,-1.9,,91,,,M,33,,9,,,M,99.38,,,,-4,,NA
-79.37,43.86,TORONTO BUTTONVILLE A,6158409,4/4/2022 9:00,2022,4,4,9:00,0.6,,-1.2,,88,,,M,30,,18,,,M,99.41,,,,,,NA
-79.37,43.86,TORONTO BUTTONVILLE A,6158409,4/4/2022 10:00,2022,4,4,10:00,3.7,,0,,77,,,M,31,,5,,,M,99.43,,,,,,NA
-79.37,43.86,TORONTO BUTTONVILLE A,6158409,4/4/2022 11:00,2022,4,4,11:00,5.3,,-1.4,,62,,,M,19,,8,,,M,99.4,,,,,,NA
-79.37,43.86,TORONTO BUTTONVILLE A,6158409,4/4/2022 12:00,2022,4,4,12:00,7.2,,-1.5,,54,,,M,25,,6,,,M,99.34,,,,,,NA
-79.37,43.86,TORONTO BUTTONVILLE A,6158409,4/4/2022 13:00,2022,4,4,13:00,7.7,,-1.2,,53,,,M,18,,13,,,M,99.27,,,,,,NA
-79.37,43.86,TORONTO BUTTONVILLE A,6158409,4/4/2022 14:00,2022,4,4,14:00,7.8,,-1.6,,52,,,M,19,,21,,,M,99.21,,,,,,NA
-79.37,43.86,TORONTO BUTTONVILLE A,6158409,4/4/2022 15:00,2022,4,4,15:00,7.3,,-2.7,,49,,,M,22,,25,,,M,99.18,,,,,,NA
-79.37,43.86,TORONTO BUTTONVILLE A,6158409,4/4/2022 16:00,2022,4,4,16:00,6.8,,-3.4,,48,,,M,20,,21,,,M,99.14,,,,,,NA
-79.37,43.86,TORONTO BUTTONVILLE A,6158409,4/4/2022 17:00,2022,4,4,17:00,6.6,,-2.8,,51,,,M,20,,14,,,M,99.08,,,,,,NA
-79.37,43.86,TORONTO BUTTONVILLE A,6158409,4/4/2022 18:00,2022,4,4,18:00,6.2,,-1.9,,56,,,M,18,,11,,,M,99.06,,,,,,NA
-79.37,43.86,TORONTO BUTTONVILLE A,6158409,4/4/2022 19:00,2022,4,4,19:00,5.5,,-1.2,,62,,,M,19,,12,,,M,99.08,,,,,,NA
-79.37,43.86,TORONTO BUTTONVILLE A,6158409,4/4/2022 20:00,2022,4,4,20:00,5.1,,-1.8,,61,,,M,18,,10,,,M,99.13,,,,,,NA
-79.37,43.86,TORONTO BUTTONVILLE A,6158409,4/4/2022 21:00,2022,4,4,21:00,4.6,,-1.2,,66,,,M,23,,20,,,M,99.14,,,,,,NA
-79.37,43.86,TORONTO BUTTONVILLE A,6158409,4/4/2022 22:00,2022,4,4,22:00,4.1,,-0.3,,73,,,M,16,,8,,,M,99.13,,,,,,NA
-79.37,43.86,TORONTO BUTTONVILLE A,6158409,4/4/2022 23:00,2022,4,4,23:00,4.1,,-0.8,,70,,,M,16,,9,,,M,99.12,,,,,,NA
-79.37,43.86,TORONTO BUTTONVILLE A,6158409,4/5/2022 0:00,2022,4,5,0:00,3.8,,-0.6,,73,,,M,14,,14,,,M,99.11,,,,,,NA
-79.37,43.86,TORONTO BUTTONVILLE A,6158409,4/5/2022 1:00,2022,4,5,1:00,3.8,,-0.6,,73,,,M,16,,10,,,M,99.12,,,,,,NA
-79.37,43.86,TORONTO BUTTONVILLE A,6158409,4/5/2022 2:00,2022,4,5,2:00,3.9,,-0.3,,74,,,M,14,,10,,,M,99.08,,,,,,NA
-79.37,43.86,TORONTO BUTTONVILLE A,6158409,4/5/2022 3:00,2022,4,5,3:00,3.5,,-0.5,,75,,,M,10,,6,,,M,99,,,,,,NA
-79.37,43.86,TORONTO BUTTONVILLE A,6158409,4/5/2022 4:00,2022,4,5,4:00,3.4,,-1.1,,72,,,M,14,,8,,,M,98.98,,,,,,NA
-79.37,43.86,TORONTO BUTTONVILLE A,6158409,4/5/2022 5:00,2022,4,5,5:00,3.7,,-0.9,,72,,,M,9,,7,,,M,98.97,,,,,,NA
-79.37,43.86,TORONTO BUTTONVILLE A,6158409,4/5/2022 6:00,2022,4,5,6:00,3.4,,-1.1,,72,,,M,13,,11,,,M,99.02,,,,,,NA
-79.37,43.86,TORONTO BUTTONVILLE A,6158409,4/5/2022 7:00,2022,4,5,7:00,2.8,,0.2,,83,,,M,11,,11,,,M,99.02,,,,,,NA
-79.37,43.86,TORONTO BUTTONVILLE A,6158409,4/5/2022 8:00,2022,4,5,8:00,3.4,,0.9,,84,,,M,11,,12,,,M,98.99,,,,,,NA
-79.37,43.86,TORONTO BUTTONVILLE A,6158409,4/5/2022 9:00,2022,4,5,9:00,4.2,,1.9,,85,,,M,14,,12,,,M,99.03,,,,,,NA
-79.37,43.86,TORONTO BUTTONVILLE A,6158409,4/5/2022 10:00,2022,4,5,10:00,6,,2.3,,77,,,M,11,,13,,,M,99,,,,,,NA
-79.37,43.86,TORONTO BUTTONVILLE A,6158409,4/5/2022 11:00,2022,4,5,11:00,7.6,,1.8,,67,,,M,13,,14,,,M,98.96,,,,,,NA
-79.37,43.86,TORONTO BUTTONVILLE A,6158409,4/5/2022 12:00,2022,4,5,12:00,8.3,,0.5,,58,,,M,11,,14,,,M,98.9,,,,,,NA
-79.37,43.86,TORONTO BUTTONVILLE A,6158409,4/5/2022 13:00,2022,4,5,13:00,9.7,,1.1,,55,,,M,12,,15,,,M,98.85,,,,,,NA
-79.37,43.86,TORONTO BUTTONVILLE A,6158409,4/5/2022 14:00,2022,4,5,14:00,10.4,,0.6,,50,,,M,10,,15,,,M,98.82,,,,,,NA
-79.37,43.86,TORONTO BUTTONVILLE A,6158409,4/5/2022 15:00,2022,4,5,15:00,10.6,,0.3,,49,,,M,12,,17,,,M,98.83,,,,,,NA
-79.37,43.86,TORONTO BUTTONVILLE A,6158409,4/5/2022 16:00,2022,4,5,16:00,10.2,,0,,49,,,M,13,,18,,,M,98.78,,,,,,NA
-79.37,43.86,TORONTO BUTTONVILLE A,6158409,4/5/2022 17:00,2022,4,5,17:00,10.4,,-0.9,,45,,,M,10,,17,,,M,98.73,,,,,,NA
-79.37,43.86,TORONTO BUTTONVILLE A,6158409,4/5/2022 18:00,2022,4,5,18:00,9.8,,-0.8,,47,,,M,12,,13,,,M,98.73,,,,,,NA
-79.37,43.86,TORONTO BUTTONVILLE A,6158409,4/5/2022 19:00,2022,4,5,19:00,9,,-0.2,,52,,,M,7,,11,,,M,98.7,,,,,,NA
-79.37,43.86,TORONTO BUTTONVILLE A,6158409,4/5/2022 20:00,2022,4,5,20:00,8.2,,-0.2,,55,,,M,1,,5,,,M,98.68,,,,,,NA
-79.37,43.86,TORONTO BUTTONVILLE A,6158409,4/5/2022 21:00,2022,4,5,21:00,7.5,,-0.1,,59,,,M,30,,8,,,M,98.71,,,,,,NA
-79.37,43.86,TORONTO BUTTONVILLE A,6158409,4/5/2022 22:00,2022,4,5,22:00,6.9,,0.2,,62,,,M,30,,9,,,M,98.7,,,,,,NA
-79.37,43.86,TORONTO BUTTONVILLE A,6158409,4/5/2022 23:00,2022,4,5,23:00,7.5,,0.4,,60,,,M,2,,8,,,M,98.64,,,,,,NA
-79.37,43.86,TORONTO BUTTONVILLE A,6158409,4/6/2022 0:00,2022,4,6,0:00,8.5,,0.2,,56,,,M,3,,9,,,M,98.57,,,,,,NA
-79.37,43.86,TORONTO BUTTONVILLE A,6158409,4/6/2022 1:00,2022,4,6,1:00,8.6,,0,,55,,,M,5,,10,,,M,98.53,,,,,,NA
-79.37,43.86,TORONTO BUTTONVILLE A,6158409,4/6/2022 2:00,2022,4,6,2:00,8.1,,0.1,,57,,,M,8,,12,,,M,98.46,,,,,,NA
-79.37,43.86,TORONTO BUTTONVILLE A,6158409,4/6/2022 3:00,2022,4,6,3:00,7.8,,0,,58,,,M,9,,13,,,M,98.41,,,,,,NA
-79.37,43.86,TORONTO BUTTONVILLE A,6158409,4/6/2022 4:00,2022,4,6,4:00,6.9,,0.1,,62,,,M,1,,4,,,M,98.39,,,,,,NA
-79.37,43.86,TORONTO BUTTONVILLE A,6158409,4/6/2022 5:00,2022,4,6,5:00,6.5,,0.5,,65,,,M,10,,8,,,M,98.4,,,,,,NA
-79.37,43.86,TORONTO BUTTONVILLE A,6158409,4/6/2022 6:00,2022,4,6,6:00,5.5,,0.2,,69,,,M,36,,5,,,M,98.53,,,,,,NA
-79.37,43.86,TORONTO BUTTONVILLE A,6158409,4/6/2022 7:00,2022,4,6,7:00,6.8,,1.2,,68,,,M,35,,2,,,M,98.51,,,,,,NA
-79.37,43.86,TORONTO BUTTONVILLE A,6158409,4/6/2022 8:00,2022,4,6,8:00,8.9,,1.3,,59,,,M,11,,15,,,M,98.47,,,,,,NA
-79.37,43.86,TORONTO BUTTONVILLE A,6158409,4/6/2022 9:00,2022,4,6,9:00,10.2,,1.1,,53,,,M,11,,17,,,M,98.55,,,,,,NA
-79.37,43.86,TORONTO BUTTONVILLE A,6158409,4/6/2022 10:00,2022,4,6,10:00,10.1,,0.6,,52,,,M,11,,20,,,M,98.46,,,,,,NA
-79.37,43.86,TORONTO BUTTONVILLE A,6158409,4/6/2022 11:00,2022,4,6,11:00,10.9,,1.5,,52,,,M,11,,25,,,M,98.4,,,,,,NA
-79.37,43.86,TORONTO BUTTONVILLE A,6158409,4/6/2022 12:00,2022,4,6,12:00,10.1,,1.8,,56,,,M,10,,18,,,M,98.41,,,,,,NA
-79.37,43.86,TORONTO BUTTONVILLE A,6158409,4/6/2022 13:00,2022,4,6,13:00,9.8,,2.9,,62,,,M,12,,22,,,M,98.36,,,,,,NA
-79.37,43.86,TORONTO BUTTONVILLE A,6158409,4/6/2022 14:00,2022,4,6,14:00,10.6,,4.3,,65,,,M,10,,19,,,M,98.25,,,,,,NA
-79.37,43.86,TORONTO BUTTONVILLE A,6158409,4/6/2022 15:00,2022,4,6,15:00,12.2,,5.2,,62,,,M,10,,19,,,M,98.1,,,,,,NA
-79.37,43.86,TORONTO BUTTONVILLE A,6158409,4/6/2022 16:00,2022,4,6,16:00,12.1,,5.2,,62,,,M,12,,22,,,M,98.06,,,,,,NA
-79.37,43.86,TORONTO BUTTONVILLE A,6158409,4/6/2022 17:00,2022,4,6,17:00,11.6,,5.4,,66,,,M,11,,18,,,M,97.99,,,,,,NA
-79.37,43.86,TORONTO BUTTONVILLE A,6158409,4/6/2022 18:00,2022,4,6,18:00,11.7,,5.8,,67,,,M,13,,21,,,M,97.81,,,,,,NA
-79.37,43.86,TORONTO BUTTONVILLE A,6158409,4/6/2022 19:00,2022,4,6,19:00,11.1,,6.1,,71,,,M,12,,22,,,M,97.82,,,,,,NA
-79.37,43.86,TORONTO BUTTONVILLE A,6158409,4/6/2022 20:00,2022,4,6,20:00,8.7,,7,,89,,,M,15,,14,,,M,97.89,,,,,,NA
-79.37,43.86,TORONTO BUTTONVILLE A,6158409,4/6/2022 21:00,2022,4,6,21:00,7.8,,7.3,,97,,,M,15,,14,,,M,97.88,,,,,,NA
-79.37,43.86,TORONTO BUTTONVILLE A,6158409,4/6/2022 22:00,2022,4,6,22:00,7.3,,7,,98,,,M,14,,9,,,M,97.83,,,,,,NA
-79.37,43.86,TORONTO BUTTONVILLE A,6158409,4/6/2022 23:00,2022,4,6,23:00,7.2,,7,,99,,,M,15,,7,,,M,97.8,,,,,,NA
-79.37,43.86,TORONTO BUTTONVILLE A,6158409,4/7/2022 0:00,2022,4,7,0:00,7.8,,7.6,,99,,,M,17,,7,,,M,97.8,,,,,,NA
-79.37,43.86,TORONTO BUTTONVILLE A,6158409,4/7/2022 1:00,2022,4,7,1:00,8.1,,7.9,,99,,,M,27,,9,,,M,97.81,,,,,,NA
-79.37,43.86,TORONTO BUTTONVILLE A,6158409,4/7/2022 2:00,2022,4,7,2:00,8.6,,8.4,,99,,,M,24,,4,,,M,97.82,,,,,,NA
-79.37,43.86,TORONTO BUTTONVILLE A,6158409,4/7/2022 3:00,2022,4,7,3:00,8.2,,7.6,,96,,,M,28,,8,,,M,97.81,,,,,,NA
-79.37,43.86,TORONTO BUTTONVILLE A,6158409,4/7/2022 4:00,2022,4,7,4:00,8.3,,7.7,,96,,,M,22,,10,,,M,97.85,,,,,,NA
-79.37,43.86,TORONTO BUTTONVILLE A,6158409,4/7/2022 5:00,2022,4,7,5:00,7.9,,7.3,,96,,,M,19,,7,,,M,97.81,,,,,,NA
-79.37,43.86,TORONTO BUTTONVILLE A,6158409,4/7/2022 6:00,2022,4,7,6:00,7.7,,7.2,,97,,,M,19,,7,,,M,97.88,,,,,,NA
-79.37,43.86,TORONTO BUTTONVILLE A,6158409,4/7/2022 7:00,2022,4,7,7:00,7.3,,6.8,,97,,,M,18,,11,,,M,97.94,,,,,,NA
-79.37,43.86,TORONTO BUTTONVILLE A,6158409,4/7/2022 8:00,2022,4,7,8:00,8.3,,7.4,,94,,,M,17,,11,,,M,97.97,,,,,,NA
-79.37,43.86,TORONTO BUTTONVILLE A,6158409,4/7/2022 9:00,2022,4,7,9:00,8.8,,6.9,,88,,,M,19,,9,,,M,97.97,,,,,,NA
-79.37,43.86,TORONTO BUTTONVILLE A,6158409,4/7/2022 10:00,2022,4,7,10:00,8.9,,6.2,,83,,,M,21,,20,,,M,98.02,,,,,,NA
-79.37,43.86,TORONTO BUTTONVILLE A,6158409,4/7/2022 11:00,2022,4,7,11:00,10.2,,6.8,,79,,,M,15,,16,,,M,97.94,,,,,,NA
-79.37,43.86,TORONTO BUTTONVILLE A,6158409,4/7/2022 12:00,2022,4,7,12:00,10.7,,5.9,,72,,,M,19,,19,,,M,97.92,,,,,,NA
-79.37,43.86,TORONTO BUTTONVILLE A,6158409,4/7/2022 13:00,2022,4,7,13:00,11.3,,5.2,,66,,,M,19,,21,,,M,97.91,,,,,,NA
-79.37,43.86,TORONTO BUTTONVILLE A,6158409,4/7/2022 14:00,2022,4,7,14:00,11.8,,4.9,,62,,,M,20,,21,,,M,97.86,,,,,,NA
-79.37,43.86,TORONTO BUTTONVILLE A,6158409,4/7/2022 15:00,2022,4,7,15:00,11.4,,6.2,,70,,,M,16,,18,,,M,97.84,,,,,,NA
-79.37,43.86,TORONTO BUTTONVILLE A,6158409,4/7/2022 16:00,2022,4,7,16:00,9.7,,6.9,,83,,,M,17,,18,,,M,97.89,,,,,,NA
-79.37,43.86,TORONTO BUTTONVILLE A,6158409,4/7/2022 17:00,2022,4,7,17:00,8.9,,7.7,,92,,,M,13,,12,,,M,97.91,,,,,,NA
-79.37,43.86,TORONTO BUTTONVILLE A,6158409,4/7/2022 18:00,2022,4,7,18:00,7.7,,6.1,,89,,,M,17,,14,,,M,97.98,,,,,,NA
-79.37,43.86,TORONTO BUTTONVILLE A,6158409,4/7/2022 19:00,2022,4,7,19:00,7,,6,,93,,,M,14,,10,,,M,98.01,,,,,,NA
-79.37,43.86,TORONTO BUTTONVILLE A,6158409,4/7/2022 20:00,2022,4,7,20:00,6.6,,5.8,,95,,,M,11,,7,,,M,98.02,,,,,,NA
-79.37,43.86,TORONTO BUTTONVILLE A,6158409,4/7/2022 21:00,2022,4,7,21:00,6.7,,5.5,,92,,,M,16,,5,,,M,98.02,,,,,,NA
-79.37,43.86,TORONTO BUTTONVILLE A,6158409,4/7/2022 22:00,2022,4,7,22:00,5.9,,5,,94,,,M,14,,9,,,M,97.98,,,,,,NA
-79.37,43.86,TORONTO BUTTONVILLE A,6158409,4/7/2022 23:00,2022,4,7,23:00,5.6,,4.8,,94,,,M,5,,3,,,M,97.95,,,,,,NA
-79.37,43.86,TORONTO BUTTONVILLE A,6158409,4/8/2022 0:00,2022,4,8,0:00,5.4,,4.5,,94,,,M,32,,5,,,M,97.91,,,,,,NA
-79.37,43.86,TORONTO BUTTONVILLE A,6158409,4/8/2022 1:00,2022,4,8,1:00,4.9,,4.3,,96,,,M,27,,8,,,M,97.88,,,,,,NA
-79.37,43.86,TORONTO BUTTONVILLE A,6158409,4/8/2022 2:00,2022,4,8,2:00,5,,4.4,,96,,,M,28,,10,,,M,97.81,,,,,,NA
-79.37,43.86,TORONTO BUTTONVILLE A,6158409,4/8/2022 3:00,2022,4,8,3:00,4.8,,3.8,,93,,,M,27,,18,,,M,97.82,,,,,,NA
-79.37,43.86,TORONTO BUTTONVILLE A,6158409,4/8/2022 4:00,2022,4,8,4:00,4.5,,3.3,,92,,,M,26,,4,,,M,97.8,,,,,,NA
-79.37,43.86,TORONTO BUTTONVILLE A,6158409,4/8/2022 5:00,2022,4,8,5:00,3.5,,2.7,,95,,,M,22,,3,,,M,97.81,,,,,,NA
-79.37,43.86,TORONTO BUTTONVILLE A,6158409,4/8/2022 6:00,2022,4,8,6:00,3.3,,2.5,,95,,,M,24,,4,,,M,97.84,,,,,,NA
-79.37,43.86,TORONTO BUTTONVILLE A,6158409,4/8/2022 7:00,2022,4,8,7:00,4.6,,2.9,,88,,,M,24,,7,,,M,97.85,,,,,,NA
-79.37,43.86,TORONTO BUTTONVILLE A,6158409,4/8/2022 8:00,2022,4,8,8:00,6,,1.6,,74,,,M,23,,12,,,M,97.86,,,,,,NA
-79.37,43.86,TORONTO BUTTONVILLE A,6158409,4/8/2022 9:00,2022,4,8,9:00,6.7,,0.7,,66,,,M,25,,24,,,M,97.86,,,,,,NA
-79.37,43.86,TORONTO BUTTONVILLE A,6158409,4/8/2022 10:00,2022,4,8,10:00,6.2,,1.8,,74,,,M,25,,26,,,M,97.87,,,,,,NA
-79.37,43.86,TORONTO BUTTONVILLE A,6158409,4/8/2022 11:00,2022,4,8,11:00,6.9,,2.2,,72,,,M,21,,14,,,M,97.84,,,,,,NA
-79.37,43.86,TORONTO BUTTONVILLE A,6158409,4/8/2022 12:00,2022,4,8,12:00,8.1,,2.4,,67,,,M,21,,21,,,M,97.79,,,,,,NA
-79.37,43.86,TORONTO BUTTONVILLE A,6158409,4/8/2022 13:00,2022,4,8,13:00,5.1,,0.6,,73,,,M,24,,43,,,M,97.81,,,,,,NA
-79.37,43.86,TORONTO BUTTONVILLE A,6158409,4/8/2022 14:00,2022,4,8,14:00,5.3,,2.4,,82,,,M,24,,31,,,M,97.82,,,,,,NA
-79.37,43.86,TORONTO BUTTONVILLE A,6158409,4/8/2022 15:00,2022,4,8,15:00,5.9,,2.9,,81,,,M,16,,13,,,M,97.79,,,,,,NA
-79.37,43.86,TORONTO BUTTONVILLE A,6158409,4/8/2022 16:00,2022,4,8,16:00,7.6,,0.8,,62,,,M,26,,23,,,M,97.81,,,,,,NA
-79.37,43.86,TORONTO BUTTONVILLE A,6158409,4/8/2022 17:00,2022,4,8,17:00,8.1,,1.1,,61,,,M,21,,8,,,M,97.81,,,,,,NA
-79.37,43.86,TORONTO BUTTONVILLE A,6158409,4/8/2022 18:00,2022,4,8,18:00,6.9,,1.5,,68,,,M,20,,7,,,M,97.81,,,,,,NA
-79.37,43.86,TORONTO BUTTONVILLE A,6158409,4/8/2022 19:00,2022,4,8,19:00,6.3,,0.7,,67,,,M,18,,9,,,M,97.82,,,,,,NA
-79.37,43.86,TORONTO BUTTONVILLE A,6158409,4/8/2022 20:00,2022,4,8,20:00,5.8,,1,,71,,,M,21,,22,,,M,97.88,,,,,,NA
-79.37,43.86,TORONTO BUTTONVILLE A,6158409,4/8/2022 21:00,2022,4,8,21:00,5.2,,1.2,,75,,,M,21,,21,,,M,97.91,,,,,,NA
-79.37,43.86,TORONTO BUTTONVILLE A,6158409,4/8/2022 22:00,2022,4,8,22:00,4.2,,1.2,,81,,,M,20,,13,,,M,97.9,,,,,,NA
-79.37,43.86,TORONTO BUTTONVILLE A,6158409,4/8/2022 23:00,2022,4,8,23:00,3.5,,1.3,,86,,,M,20,,10,,,M,97.89,,,,,,NA
-79.37,43.86,TORONTO BUTTONVILLE A,6158409,4/9/2022 0:00,2022,4,9,0:00,3,,1.6,,90,,,M,19,,12,,,M,97.87,,,,,,NA
-79.37,43.86,TORONTO BUTTONVILLE A,6158409,4/9/2022 1:00,2022,4,9,1:00,3.2,,1.6,,89,,,M,24,,5,,,M,97.83,,,,,,NA
-79.37,43.86,TORONTO BUTTONVILLE A,6158409,4/9/2022 2:00,2022,4,9,2:00,3.4,,2,,90,,,M,20,,4,,,M,97.81,,,,,,NA
-79.37,43.86,TORONTO BUTTONVILLE A,6158409,4/9/2022 3:00,2022,4,9,3:00,3.2,,1.3,,88,,,M,27,,8,,,M,97.81,,,,,,NA
-79.37,43.86,TORONTO BUTTONVILLE A,6158409,4/9/2022 4:00,2022,4,9,4:00,3.1,,1.2,,87,,,M,28,,13,,,M,97.82,,,,,,NA
-79.37,43.86,TORONTO BUTTONVILLE A,6158409,4/9/2022 5:00,2022,4,9,5:00,3.5,,1.7,,88,,,M,28,,11,,,M,97.84,,,,,,NA
-79.37,43.86,TORONTO BUTTONVILLE A,6158409,4/9/2022 6:00,2022,4,9,6:00,3.5,,1.8,,88,,,M,22,,6,,,M,97.88,,,,,,NA
-79.37,43.86,TORONTO BUTTONVILLE A,6158409,4/9/2022 7:00,2022,4,9,7:00,3.8,,1.9,,87,,,M,19,,4,,,M,97.95,,,,,,NA
-79.37,43.86,TORONTO BUTTONVILLE A,6158409,4/9/2022 8:00,2022,4,9,8:00,4.3,,2,,85,,,M,21,,4,,,M,97.97,,,,,,NA
-79.37,43.86,TORONTO BUTTONVILLE A,6158409,4/9/2022 9:00,2022,4,9,9:00,3.8,,2.6,,92,,,M,31,,22,,,M,97.99,,,,,,NA
-79.37,43.86,TORONTO BUTTONVILLE A,6158409,4/9/2022 10:00,2022,4,9,10:00,3.3,,2,,92,,,M,31,,21,,,M,98.04,,,,,,NA
-79.37,43.86,TORONTO BUTTONVILLE A,6158409,4/9/2022 11:00,2022,4,9,11:00,4.7,,2.7,,87,,,M,31,,16,,,M,98.03,,,,,,NA
-79.37,43.86,TORONTO BUTTONVILLE A,6158409,4/9/2022 12:00,2022,4,9,12:00,5.2,,1.6,,77,,,M,30,,23,,,M,98.03,,,,,,NA
-79.37,43.86,TORONTO BUTTONVILLE A,6158409,4/9/2022 13:00,2022,4,9,13:00,6.9,,1.9,,70,,,M,30,,16,,,M,98,,,,,,NA
-79.37,43.86,TORONTO BUTTONVILLE A,6158409,4/9/2022 14:00,2022,4,9,14:00,6.7,,-0.9,,58,,,M,26,,31,,,M,98.01,,,,,,NA
-79.37,43.86,TORONTO BUTTONVILLE A,6158409,4/9/2022 15:00,2022,4,9,15:00,6.5,,-0.6,,61,,,M,28,,30,,,M,98.03,,,,,,NA
-79.37,43.86,TORONTO BUTTONVILLE A,6158409,4/9/2022 16:00,2022,4,9,16:00,6,,-1.4,,59,,,M,27,,30,,,M,98.1,,,,,,NA
-79.37,43.86,TORONTO BUTTONVILLE A,6158409,4/9/2022 17:00,2022,4,9,17:00,4.6,,-2.5,,60,,,M,28,,31,,,M,98.17,,,,,,NA
-79.37,43.86,TORONTO BUTTONVILLE A,6158409,4/9/2022 18:00,2022,4,9,18:00,3.4,,-2.9,,63,,,M,27,,33,,,M,98.23,,,,,,NA
-79.37,43.86,TORONTO BUTTONVILLE A,6158409,4/9/2022 19:00,2022,4,9,19:00,2.5,,-3.3,,66,,,M,30,,23,,,M,98.32,,,,,,NA
-79.37,43.86,TORONTO BUTTONVILLE A,6158409,4/9/2022 20:00,2022,4,9,20:00,2.2,,-3.7,,65,,,M,27,,27,,,M,98.4,,,,,,NA
-79.37,43.86,TORONTO BUTTONVILLE A,6158409,4/9/2022 21:00,2022,4,9,21:00,2.2,,-3.4,,66,,,M,28,,21,,,M,98.43,,,,,,NA
-79.37,43.86,TORONTO BUTTONVILLE A,6158409,4/9/2022 22:00,2022,4,9,22:00,2.1,,-2.9,,69,,,M,28,,23,,,M,98.46,,,,,,NA
-79.37,43.86,TORONTO BUTTONVILLE A,6158409,4/9/2022 23:00,2022,4,9,23:00,1.6,,-3.4,,70,,,M,28,,22,,,M,98.48,,,,,,NA
-79.37,43.86,TORONTO BUTTONVILLE A,6158409,4/10/2022 0:00,2022,4,10,0:00,1.4,,-3.1,,72,,,M,27,,21,,,M,98.49,,,,,,NA
-79.37,43.86,TORONTO BUTTONVILLE A,6158409,4/10/2022 1:00,2022,4,10,1:00,0.6,,-1.9,,84,,,M,27,,24,,,M,98.5,,,,,,NA
-79.37,43.86,TORONTO BUTTONVILLE A,6158409,4/10/2022 2:00,2022,4,10,2:00,0.6,,-1.5,,86,,,M,25,,11,,,M,98.48,,,,,,NA
-79.37,43.86,TORONTO BUTTONVILLE A,6158409,4/10/2022 3:00,2022,4,10,3:00,0.9,,-1.2,,86,,,M,24,,7,,,M,98.46,,,,,,NA
-79.37,43.86,TORONTO BUTTONVILLE A,6158409,4/10/2022 4:00,2022,4,10,4:00,1.4,,-2.3,,76,,,M,28,,26,,,M,98.5,,,,,,NA
-79.37,43.86,TORONTO BUTTONVILLE A,6158409,4/10/2022 5:00,2022,4,10,5:00,0.7,,-1.3,,86,,,M,28,,23,,,M,98.56,,,,,,NA
-79.37,43.86,TORONTO BUTTONVILLE A,6158409,4/10/2022 6:00,2022,4,10,6:00,0.8,,-2.9,,76,,,M,30,,30,,,M,98.63,,,,,,NA
-79.37,43.86,TORONTO BUTTONVILLE A,6158409,4/10/2022 7:00,2022,4,10,7:00,0.9,,-3,,75,,,M,30,,28,,,M,98.71,,,,,,NA
-79.37,43.86,TORONTO BUTTONVILLE A,6158409,4/10/2022 8:00,2022,4,10,8:00,1.1,,-2.4,,77,,,M,30,,27,,,M,98.79,,,,,,NA
-79.37,43.86,TORONTO BUTTONVILLE A,6158409,4/10/2022 9:00,2022,4,10,9:00,1.4,,-2,,78,,,M,30,,33,,,M,98.87,,,,,,NA
-79.37,43.86,TORONTO BUTTONVILLE A,6158409,4/10/2022 10:00,2022,4,10,10:00,2.8,,-2,,71,,,M,29,,33,,,M,98.92,,,,,,NA
-79.37,43.86,TORONTO BUTTONVILLE A,6158409,4/10/2022 11:00,2022,4,10,11:00,3.5,,-1.4,,70,,,M,30,,29,,,M,98.95,,,,,,NA
-79.37,43.86,TORONTO BUTTONVILLE A,6158409,4/10/2022 12:00,2022,4,10,12:00,4.6,,-3.1,,57,,,M,31,,35,,,M,98.94,,,,,,NA
-79.37,43.86,TORONTO BUTTONVILLE A,6158409,4/10/2022 13:00,2022,4,10,13:00,5,,-3.1,,56,,,M,29,,33,,,M,98.95,,,,,,NA
-79.37,43.86,TORONTO BUTTONVILLE A,6158409,4/10/2022 14:00,2022,4,10,14:00,5.4,,-3.3,,53,,,M,31,,36,,,M,98.97,,,,,,NA
-79.37,43.86,TORONTO BUTTONVILLE A,6158409,4/10/2022 15:00,2022,4,10,15:00,6.3,,-3.2,,51,,,M,32,,37,,,M,98.95,,,,,,NA
-79.37,43.86,TORONTO BUTTONVILLE A,6158409,4/10/2022 16:00,2022,4,10,16:00,6.9,,-2.6,,51,,,M,30,,27,,,M,98.98,,,,,,NA
-79.37,43.86,TORONTO BUTTONVILLE A,6158409,4/10/2022 17:00,2022,4,10,17:00,6.8,,-2,,53,,,M,32,,32,,,M,99.01,,,,,,NA
-79.37,43.86,TORONTO BUTTONVILLE A,6158409,4/10/2022 18:00,2022,4,10,18:00,5.8,,-3,,53,,,M,32,,32,,,M,99.09,,,,,,NA
-79.37,43.86,TORONTO BUTTONVILLE A,6158409,4/10/2022 19:00,2022,4,10,19:00,4.6,,-3.4,,56,,,M,32,,24,,,M,99.14,,,,,,NA
-79.37,43.86,TORONTO BUTTONVILLE A,6158409,4/10/2022 20:00,2022,4,10,20:00,3.5,,-3.1,,62,,,M,30,,15,,,M,99.23,,,,,,NA
-79.37,43.86,TORONTO BUTTONVILLE A,6158409,4/10/2022 21:00,2022,4,10,21:00,3.1,,-3.7,,61,,,M,34,,6,,,M,99.27,,,,,,NA
-79.37,43.86,TORONTO BUTTONVILLE A,6158409,4/10/2022 22:00,2022,4,10,22:00,2.1,,-3.5,,66,,,M,29,,10,,,M,99.28,,,,,,NA
-79.37,43.86,TORONTO BUTTONVILLE A,6158409,4/10/2022 23:00,2022,4,10,23:00,1,,-3.5,,72,,,M,18,,4,,,M,99.28,,,,,,NA
-79.37,43.86,TORONTO BUTTONVILLE A,6158409,4/11/2022 0:00,2022,4,11,0:00,0.4,,-3.3,,76,,,M,28,,14,,,M,99.33,,,,,,NA
-79.37,43.86,TORONTO BUTTONVILLE A,6158409,4/11/2022 1:00,2022,4,11,1:00,-0.6,,-3.1,,83,,,M,28,,8,,,M,99.36,,,,-3,,NA
-79.37,43.86,TORONTO BUTTONVILLE A,6158409,4/11/2022 2:00,2022,4,11,2:00,-0.7,,-3.3,,82,,,M,28,,12,,,M,99.4,,,,-5,,NA
-79.37,43.86,TORONTO BUTTONVILLE A,6158409,4/11/2022 3:00,2022,4,11,3:00,-0.7,,-3.3,,83,,,M,30,,9,,,M,99.4,,,,-4,,NA
-79.37,43.86,TORONTO BUTTONVILLE A,6158409,4/11/2022 4:00,2022,4,11,4:00,-1.4,,-3.5,,86,,,M,17,,4,,,M,99.34,,,,-3,,NA
-79.37,43.86,TORONTO BUTTONVILLE A,6158409,4/11/2022 5:00,2022,4,11,5:00,-0.7,,-3.4,,82,,,M,18,,8,,,M,99.27,,,,-4,,NA
-79.37,43.86,TORONTO BUTTONVILLE A,6158409,4/11/2022 6:00,2022,4,11,6:00,0.7,,-1.9,,83,,,M,15,,13,,,M,99.22,,,,,,NA
-79.37,43.86,TORONTO BUTTONVILLE A,6158409,4/11/2022 7:00,2022,4,11,7:00,2.4,,-0.8,,80,,,M,14,,13,,,M,99.2,,,,,,NA
-79.37,43.86,TORONTO BUTTONVILLE A,6158409,4/11/2022 8:00,2022,4,11,8:00,3.9,,-2.2,,64,,,M,14,,18,,,M,99.19,,,,,,NA
-79.37,43.86,TORONTO BUTTONVILLE A,6158409,4/11/2022 9:00,2022,4,11,9:00,4.7,,-2.1,,62,,,M,13,,19,,,M,99.18,,,,,,NA
-79.37,43.86,TORONTO BUTTONVILLE A,6158409,4/11/2022 10:00,2022,4,11,10:00,5.5,,-1.1,,63,,,M,13,,17,,,M,99.09,,,,,,NA
-79.37,43.86,TORONTO BUTTONVILLE A,6158409,4/11/2022 11:00,2022,4,11,11:00,5.3,,-0.7,,65,,,M,12,,18,,,M,98.97,,,,,,NA
-79.37,43.86,TORONTO BUTTONVILLE A,6158409,4/11/2022 12:00,2022,4,11,12:00,6.9,,0.1,,62,,,M,16,,23,,,M,98.91,,,,,,NA
-79.37,43.86,TORONTO BUTTONVILLE A,6158409,4/11/2022 13:00,2022,4,11,13:00,8.4,,1.1,,60,,,M,15,,23,,,M,98.79,,,,,,NA
-79.37,43.86,TORONTO BUTTONVILLE A,6158409,4/11/2022 14:00,2022,4,11,14:00,9.1,,1.5,,59,,,M,14,,18,,,M,98.76,,,,,,NA
-79.37,43.86,TORONTO BUTTONVILLE A,6158409,4/11/2022 15:00,2022,4,11,15:00,9.9,,1.5,,56,,,M,13,,12,,,M,98.67,,,,,,NA
-79.37,43.86,TORONTO BUTTONVILLE A,6158409,4/11/2022 16:00,2022,4,11,16:00,9.9,,1.8,,57,,,M,15,,14,,,M,98.63,,,,,,NA
-79.37,43.86,TORONTO BUTTONVILLE A,6158409,4/11/2022 17:00,2022,4,11,17:00,8.6,,2.5,,65,,,M,18,,15,,,M,98.65,,,,,,NA
-79.37,43.86,TORONTO BUTTONVILLE A,6158409,4/11/2022 18:00,2022,4,11,18:00,8.1,,3.2,,71,,,M,18,,12,,,M,98.63,,,,,,NA
-79.37,43.86,TORONTO BUTTONVILLE A,6158409,4/11/2022 19:00,2022,4,11,19:00,7.9,,3.6,,74,,,M,17,,7,,,M,98.63,,,,,,NA
-79.37,43.86,TORONTO BUTTONVILLE A,6158409,4/11/2022 20:00,2022,4,11,20:00,8.1,,4.5,,78,,,M,16,,5,,,M,98.66,,,,,,NA
-79.37,43.86,TORONTO BUTTONVILLE A,6158409,4/11/2022 21:00,2022,4,11,21:00,8,,5.6,,85,,,M,17,,3,,,M,98.69,,,,,,NA
-79.37,43.86,TORONTO BUTTONVILLE A,6158409,4/11/2022 22:00,2022,4,11,22:00,8.1,,6.1,,87,,,M,31,,14,,,M,98.7,,,,,,NA
-79.37,43.86,TORONTO BUTTONVILLE A,6158409,4/11/2022 23:00,2022,4,11,23:00,7.1,,5,,86,,,M,28,,9,,,M,98.72,,,,,,NA
-79.37,43.86,TORONTO BUTTONVILLE A,6158409,4/12/2022 0:00,2022,4,12,0:00,7.2,,5.2,,87,,,M,22,,4,,,M,98.77,,,,,,NA
-79.37,43.86,TORONTO BUTTONVILLE A,6158409,4/12/2022 1:00,2022,4,12,1:00,9.7,,3.3,,64,,,M,30,,27,,,M,98.86,,,,,,NA
-79.37,43.86,TORONTO BUTTONVILLE A,6158409,4/12/2022 2:00,2022,4,12,2:00,8.9,,2,,62,,,M,29,,22,,,M,98.93,,,,,,NA
-79.37,43.86,TORONTO BUTTONVILLE A,6158409,4/12/2022 3:00,2022,4,12,3:00,8.5,,1.9,,63,,,M,29,,22,,,M,99.04,,,,,,NA
-79.37,43.86,TORONTO BUTTONVILLE A,6158409,4/12/2022 4:00,2022,4,12,4:00,7.4,,1.8,,67,,,M,30,,24,,,M,99.16,,,,,,NA
-79.37,43.86,TORONTO BUTTONVILLE A,6158409,4/12/2022 5:00,2022,4,12,5:00,6.5,,1.4,,70,,,M,30,,22,,,M,99.21,,,,,,NA
-79.37,43.86,TORONTO BUTTONVILLE A,6158409,4/12/2022 6:00,2022,4,12,6:00,5.5,,1.1,,73,,,M,31,,13,,,M,99.28,,,,,,NA
-79.37,43.86,TORONTO BUTTONVILLE A,6158409,4/12/2022 7:00,2022,4,12,7:00,7,,0.9,,65,,,M,30,,14,,,M,99.39,,,,,,NA
-79.37,43.86,TORONTO BUTTONVILLE A,6158409,4/12/2022 8:00,2022,4,12,8:00,9.5,,-0.4,,50,,,M,33,,8,,,M,99.48,,,,,,NA
-79.37,43.86,TORONTO BUTTONVILLE A,6158409,4/12/2022 9:00,2022,4,12,9:00,10.6,,-1.6,,42,,,M,4,,8,,,M,99.51,,,,,,NA
-79.37,43.86,TORONTO BUTTONVILLE A,6158409,4/12/2022 10:00,2022,4,12,10:00,12.1,,-2.1,,37,,,M,33,,6,,,M,99.57,,,,,,NA
-79.37,43.86,TORONTO BUTTONVILLE A,6158409,4/12/2022 11:00,2022,4,12,11:00,13.9,,-0.7,,36,,,M,4,,7,,,M,99.6,,,,,,NA
-79.37,43.86,TORONTO BUTTONVILLE A,6158409,4/12/2022 12:00,2022,4,12,12:00,15.7,,-1.6,,30,,,M,23,,10,,,M,99.54,,,,,,NA
-79.37,43.86,TORONTO BUTTONVILLE A,6158409,4/12/2022 13:00,2022,4,12,13:00,16,,-3,,27,,,M,36,,6,,,M,99.52,,,,,,NA
-79.37,43.86,TORONTO BUTTONVILLE A,6158409,4/12/2022 14:00,2022,4,12,14:00,16.5,,-0.9,,30,,,M,26,,25,,,M,99.5,,,,,,NA
-79.37,43.86,TORONTO BUTTONVILLE A,6158409,4/12/2022 15:00,2022,4,12,15:00,16.7,,-0.8,,30,,,M,22,,25,,,M,99.5,,,,,,NA
-79.37,43.86,TORONTO BUTTONVILLE A,6158409,4/12/2022 16:00,2022,4,12,16:00,16.5,,-2,,28,,,M,24,,22,,,M,99.46,,,,,,NA
-79.37,43.86,TORONTO BUTTONVILLE A,6158409,4/12/2022 17:00,2022,4,12,17:00,15.3,,-1.6,,31,,,M,22,,22,,,M,99.46,,,,,,NA
-79.37,43.86,TORONTO BUTTONVILLE A,6158409,4/12/2022 18:00,2022,4,12,18:00,14.7,,1.8,,41,,,M,23,,21,,,M,99.42,,,,,,NA
-79.37,43.86,TORONTO BUTTONVILLE A,6158409,4/12/2022 19:00,2022,4,12,19:00,13.4,,2.3,,47,,,M,19,,9,,,M,99.39,,,,,,NA
-79.37,43.86,TORONTO BUTTONVILLE A,6158409,4/12/2022 20:00,2022,4,12,20:00,13,,1.8,,46,,,M,1,,1,,,M,99.39,,,,,,NA
-79.37,43.86,TORONTO BUTTONVILLE A,6158409,4/12/2022 21:00,2022,4,12,21:00,12.5,,2.2,,49,,,M,18,,9,,,M,99.38,,,,,,NA
-79.37,43.86,TORONTO BUTTONVILLE A,6158409,4/12/2022 22:00,2022,4,12,22:00,11.6,,2.4,,53,,,M,31,,5,,,M,99.4,,,,,,NA
-79.37,43.86,TORONTO BUTTONVILLE A,6158409,4/12/2022 23:00,2022,4,12,23:00,10.3,,3.1,,61,,,M,8,,8,,,M,99.26,,,,,,NA
-79.37,43.86,TORONTO BUTTONVILLE A,6158409,4/13/2022 0:00,2022,4,13,0:00,8.9,,3.2,,67,,,M,29,,10,,,M,99.3,,,,,,NA
-79.37,43.86,TORONTO BUTTONVILLE A,6158409,4/13/2022 1:00,2022,4,13,1:00,9.9,,2.7,,61,,,M,16,,8,,,M,99.23,,,,,,NA
-79.37,43.86,TORONTO BUTTONVILLE A,6158409,4/13/2022 2:00,2022,4,13,2:00,9.6,,1.4,,56,,,M,8,,4,,,M,99.2,,,,,,NA
-79.37,43.86,TORONTO BUTTONVILLE A,6158409,4/13/2022 3:00,2022,4,13,3:00,9.9,,-1,,47,,,M,13,,14,,,M,99.09,,,,,,NA
-79.37,43.86,TORONTO BUTTONVILLE A,6158409,4/13/2022 4:00,2022,4,13,4:00,8.6,,1.5,,61,,,M,,M,,M,,M,99.07,,,,,,NA
-79.37,43.86,TORONTO BUTTONVILLE A,6158409,4/13/2022 5:00,2022,4,13,5:00,8.4,,3.1,,69,,,M,6,,9,,,M,98.95,,,,,,NA
-79.37,43.86,TORONTO BUTTONVILLE A,6158409,4/13/2022 6:00,2022,4,13,6:00,9.5,,1.8,,59,,,M,12,,12,,,M,98.82,,,,,,NA
-79.37,43.86,TORONTO BUTTONVILLE A,6158409,4/13/2022 7:00,2022,4,13,7:00,9.8,,2.2,,59,,,M,13,,12,,,M,98.78,,,,,,NA
-79.37,43.86,TORONTO BUTTONVILLE A,6158409,4/13/2022 8:00,2022,4,13,8:00,9.9,,1.6,,56,,,M,13,,14,,,M,98.77,,,,,,NA
-79.37,43.86,TORONTO BUTTONVILLE A,6158409,4/13/2022 9:00,2022,4,13,9:00,9.6,,2.2,,60,,,M,12,,15,,,M,98.7,,,,,,NA
-79.37,43.86,TORONTO BUTTONVILLE A,6158409,4/13/2022 10:00,2022,4,13,10:00,10.5,,3.5,,62,,,M,12,,16,,,M,98.6,,,,,,NA
-79.37,43.86,TORONTO BUTTONVILLE A,6158409,4/13/2022 11:00,2022,4,13,11:00,13.9,,6.5,,60,,,M,17,,14,,,M,98.55,,,,,,NA
-79.37,43.86,TORONTO BUTTONVILLE A,6158409,4/13/2022 12:00,2022,4,13,12:00,15,,6.4,,56,,,M,14,,15,,,M,98.43,,,,,,NA
-79.37,43.86,TORONTO BUTTONVILLE A,6158409,4/13/2022 13:00,2022,4,13,13:00,15.6,,6.9,,56,,,M,18,,20,,,M,98.39,,,,,,NA
-79.37,43.86,TORONTO BUTTONVILLE A,6158409,4/13/2022 14:00,2022,4,13,14:00,17.6,,9.2,,58,,,M,18,,15,,,M,98.33,,,,,,NA
-79.37,43.86,TORONTO BUTTONVILLE A,6158409,4/13/2022 15:00,2022,4,13,15:00,20.1,,13.4,,65,,,M,22,,27,,,M,98.27,,,,,,NA
-79.37,43.86,TORONTO BUTTONVILLE A,6158409,4/13/2022 16:00,2022,4,13,16:00,19.2,,13.3,,68,,,M,22,,22,,,M,98.24,,,,,,NA
-79.37,43.86,TORONTO BUTTONVILLE A,6158409,4/13/2022 17:00,2022,4,13,17:00,16.5,,14,,85,,,M,21,,21,,,M,98.23,,,,,,NA
-79.37,43.86,TORONTO BUTTONVILLE A,6158409,4/13/2022 18:00,2022,4,13,18:00,15.9,,14.5,,91,,,M,17,,12,,,M,98.16,,,,,,NA
-79.37,43.86,TORONTO BUTTONVILLE A,6158409,4/13/2022 19:00,2022,4,13,19:00,15.2,,14.8,,97,,,M,20,,18,,,M,98.23,,,,,,NA
-79.37,43.86,TORONTO BUTTONVILLE A,6158409,4/13/2022 20:00,2022,4,13,20:00,11.7,,11.4,,98,,,M,12,,11,,,M,98.18,,,,,,NA
-79.37,43.86,TORONTO BUTTONVILLE A,6158409,4/13/2022 21:00,2022,4,13,21:00,12,,11.5,,97,,,M,15,,8,,,M,98.17,,,,,,NA
-79.37,43.86,TORONTO BUTTONVILLE A,6158409,4/13/2022 22:00,2022,4,13,22:00,12.1,,11.7,,97,,,M,19,,4,,,M,98.1,,,,,,NA
-79.37,43.86,TORONTO BUTTONVILLE A,6158409,4/13/2022 23:00,2022,4,13,23:00,12.1,,11.8,,98,,,M,13,,11,,,M,98.02,,,,,,NA
-79.37,43.86,TORONTO BUTTONVILLE A,6158409,4/14/2022 0:00,2022,4,14,0:00,10.7,,10.5,,98,,,M,14,,15,,,M,98.04,,,,,,NA
-79.37,43.86,TORONTO BUTTONVILLE A,6158409,4/14/2022 1:00,2022,4,14,1:00,9.7,,9.5,,99,,,M,14,,9,,,M,97.97,,,,,,NA
-79.37,43.86,TORONTO BUTTONVILLE A,6158409,4/14/2022 2:00,2022,4,14,2:00,9,,8.9,,99,,,M,16,,12,,,M,97.94,,,,,,NA
-79.37,43.86,TORONTO BUTTONVILLE A,6158409,4/14/2022 3:00,2022,4,14,3:00,8.3,,8.2,,99,,,M,15,,12,,,M,97.81,,,,,,NA
-79.37,43.86,TORONTO BUTTONVILLE A,6158409,4/14/2022 4:00,2022,4,14,4:00,8.5,,8.4,,99,,,M,15,,11,,,M,97.73,,,,,,NA
-79.37,43.86,TORONTO BUTTONVILLE A,6158409,4/14/2022 5:00,2022,4,14,5:00,8.4,,8.3,,99,,,M,19,,11,,,M,97.64,,,,,,NA
-79.37,43.86,TORONTO BUTTONVILLE A,6158409,4/14/2022 6:00,2022,4,14,6:00,8.1,,8,,99,,,M,16,,13,,,M,97.78,,,,,,NA
-79.37,43.86,TORONTO BUTTONVILLE A,6158409,4/14/2022 7:00,2022,4,14,7:00,8.8,,8.7,,99,,,M,16,,8,,,M,97.77,,,,,,NA
-79.37,43.86,TORONTO BUTTONVILLE A,6158409,4/14/2022 8:00,2022,4,14,8:00,11.1,,11,,99,,,M,19,,7,,,M,97.78,,,,,,NA
-79.37,43.86,TORONTO BUTTONVILLE A,6158409,4/14/2022 9:00,2022,4,14,9:00,11.9,,9.4,,85,,,M,29,,27,,,M,97.93,,,,,,NA
-79.37,43.86,TORONTO BUTTONVILLE A,6158409,4/14/2022 10:00,2022,4,14,10:00,9.8,,5.5,,74,,,M,28,,34,,,M,98.19,,,,,,NA
-79.37,43.86,TORONTO BUTTONVILLE A,6158409,4/14/2022 11:00,2022,4,14,11:00,9.4,,3.8,,68,,,M,29,,30,,,M,98.35,,,,,,NA
-79.37,43.86,TORONTO BUTTONVILLE A,6158409,4/14/2022 12:00,2022,4,14,12:00,11.4,,2,,52,,,M,25,,34,,,M,98.49,,,,,,NA
-79.37,43.86,TORONTO BUTTONVILLE A,6158409,4/14/2022 13:00,2022,4,14,13:00,12.1,,-2.8,,35,,,M,27,,41,,,M,98.52,,,,,,NA
-79.37,43.86,TORONTO BUTTONVILLE A,6158409,4/14/2022 14:00,2022,4,14,14:00,13,,-5,,28,,,M,27,,35,,,M,98.58,,,,,,NA
-79.37,43.86,TORONTO BUTTONVILLE A,6158409,4/14/2022 15:00,2022,4,14,15:00,12.6,,-6.6,,26,,,M,28,,47,,,M,98.61,,,,,,NA
-79.37,43.86,TORONTO BUTTONVILLE A,6158409,4/14/2022 16:00,2022,4,14,16:00,12.1,,-6.1,,28,,,M,26,,34,,,M,98.6,,,,,,NA
-79.37,43.86,TORONTO BUTTONVILLE A,6158409,4/14/2022 17:00,2022,4,14,17:00,12.3,,-2.5,,35,,,M,23,,26,,,M,98.59,,,,,,NA
-79.37,43.86,TORONTO BUTTONVILLE A,6158409,4/14/2022 18:00,2022,4,14,18:00,11,,-2.9,,38,,,M,23,,35,,,M,98.67,,,,,,NA
-79.37,43.86,TORONTO BUTTONVILLE A,6158409,4/14/2022 19:00,2022,4,14,19:00,10.5,,-2.8,,39,,,M,26,,28,,,M,98.7,,,,,,NA
-79.37,43.86,TORONTO BUTTONVILLE A,6158409,4/14/2022 20:00,2022,4,14,20:00,9.8,,-2.2,,43,,,M,24,,30,,,M,98.73,,,,,,NA
-79.37,43.86,TORONTO BUTTONVILLE A,6158409,4/14/2022 21:00,2022,4,14,21:00,9.5,,-2.4,,43,,,M,23,,24,,,M,98.76,,,,,,NA
-79.37,43.86,TORONTO BUTTONVILLE A,6158409,4/14/2022 22:00,2022,4,14,22:00,9.3,,-2.5,,43,,,M,27,,30,,,M,98.84,,,,,,NA
-79.37,43.86,TORONTO BUTTONVILLE A,6158409,4/14/2022 23:00,2022,4,14,23:00,7.5,,-4.1,,44,,,M,29,,24,,,M,98.9,,,,,,NA
-79.37,43.86,TORONTO BUTTONVILLE A,6158409,4/15/2022 0:00,2022,4,15,0:00,6.5,,-4.3,,46,,,M,23,,4,,,M,98.95,,,,,,NA
-79.37,43.86,TORONTO BUTTONVILLE A,6158409,4/15/2022 1:00,2022,4,15,1:00,6.5,,-5.3,,42,,,M,24,,9,,,M,98.97,,,,,,NA
-79.37,43.86,TORONTO BUTTONVILLE A,6158409,4/15/2022 2:00,2022,4,15,2:00,6.4,,-5.2,,43,,,M,21,,10,,,M,98.94,,,,,,NA
-79.37,43.86,TORONTO BUTTONVILLE A,6158409,4/15/2022 3:00,2022,4,15,3:00,5.8,,-4.7,,47,,,M,20,,13,,,M,98.93,,,,,,NA
-79.37,43.86,TORONTO BUTTONVILLE A,6158409,4/15/2022 4:00,2022,4,15,4:00,5.5,,-4,,51,,,M,21,,22,,,M,98.9,,,,,,NA
-79.37,43.86,TORONTO BUTTONVILLE A,6158409,4/15/2022 5:00,2022,4,15,5:00,5.4,,-1.9,,59,,,M,23,,21,,,M,98.88,,,,,,NA
-79.37,43.86,TORONTO BUTTONVILLE A,6158409,4/15/2022 6:00,2022,4,15,6:00,5.3,,-1.5,,61,,,M,24,,19,,,M,98.91,,,,,,NA
-79.37,43.86,TORONTO BUTTONVILLE A,6158409,4/15/2022 7:00,2022,4,15,7:00,5.8,,-0.5,,64,,,M,21,,22,,,M,98.89,,,,,,NA
-79.37,43.86,TORONTO BUTTONVILLE A,6158409,4/15/2022 8:00,2022,4,15,8:00,8.3,,-1.4,,50,,,M,24,,26,,,M,98.92,,,,,,NA
-79.37,43.86,TORONTO BUTTONVILLE A,6158409,4/15/2022 9:00,2022,4,15,9:00,9.4,,-3.3,,41,,,M,25,,37,,,M,98.84,,,,,,NA
-79.37,43.86,TORONTO BUTTONVILLE A,6158409,4/15/2022 10:00,2022,4,15,10:00,9.9,,-3,,40,,,M,25,,35,,,M,98.82,,,,,,NA
-79.37,43.86,TORONTO BUTTONVILLE A,6158409,4/15/2022 11:00,2022,4,15,11:00,11.5,,-1.7,,40,,,M,23,,40,,,M,98.69,,,,,,NA
-79.37,43.86,TORONTO BUTTONVILLE A,6158409,4/15/2022 12:00,2022,4,15,12:00,13.4,,-2.6,,33,,,M,24,,34,,,M,98.52,,,,,,NA
-79.37,43.86,TORONTO BUTTONVILLE A,6158409,4/15/2022 13:00,2022,4,15,13:00,13.2,,-2.2,,34,,,M,24,,50,,,M,98.46,,,,,,NA
-79.37,43.86,TORONTO BUTTONVILLE A,6158409,4/15/2022 14:00,2022,4,15,14:00,12.1,,1.5,,48,,,M,23,,44,,,M,98.46,,,,,,NA
-79.37,43.86,TORONTO BUTTONVILLE A,6158409,4/15/2022 15:00,2022,4,15,15:00,10.8,,1.4,,52,,,M,24,,41,,,M,98.54,,,,,,NA
-79.37,43.86,TORONTO BUTTONVILLE A,6158409,4/15/2022 16:00,2022,4,15,16:00,8.8,,4.8,,76,,,M,25,,29,,,M,98.53,,,,,,NA
-79.37,43.86,TORONTO BUTTONVILLE A,6158409,4/15/2022 17:00,2022,4,15,17:00,9.2,,4.2,,71,,,M,26,,37,,,M,98.54,,,,,,NA
-79.37,43.86,TORONTO BUTTONVILLE A,6158409,4/15/2022 18:00,2022,4,15,18:00,10.2,,2.6,,59,,,M,26,,37,,,M,98.48,,,,,,NA
-79.37,43.86,TORONTO BUTTONVILLE A,6158409,4/15/2022 19:00,2022,4,15,19:00,9.7,,2.8,,62,,,M,27,,29,,,M,98.55,,,,,,NA
-79.37,43.86,TORONTO BUTTONVILLE A,6158409,4/15/2022 20:00,2022,4,15,20:00,9.3,,2.7,,63,,,M,28,,23,,,M,98.58,,,,,,NA
-79.37,43.86,TORONTO BUTTONVILLE A,6158409,4/15/2022 21:00,2022,4,15,21:00,8.6,,1.1,,59,,,M,28,,32,,,M,98.65,,,,,,NA
-79.37,43.86,TORONTO BUTTONVILLE A,6158409,4/15/2022 22:00,2022,4,15,22:00,7.1,,-1.2,,55,,,M,27,,24,,,M,98.63,,,,,,NA
-79.37,43.86,TORONTO BUTTONVILLE A,6158409,4/15/2022 23:00,2022,4,15,23:00,3.9,,-2.3,,64,,,M,33,,30,,,M,98.74,,,,,,NA
-79.37,43.86,TORONTO BUTTONVILLE A,6158409,4/16/2022 0:00,2022,4,16,0:00,2,,-2.6,,72,,,M,32,,19,,,M,98.88,,,,,,NA
-79.37,43.86,TORONTO BUTTONVILLE A,6158409,4/16/2022 1:00,2022,4,16,1:00,1.4,,-2.5,,75,,,M,33,,17,,,M,98.97,,,,,,NA
-79.37,43.86,TORONTO BUTTONVILLE A,6158409,4/16/2022 2:00,2022,4,16,2:00,1.2,,-3,,73,,,M,31,,18,,,M,98.97,,,,,,NA
-79.37,43.86,TORONTO BUTTONVILLE A,6158409,4/16/2022 3:00,2022,4,16,3:00,1,,-4.1,,69,,,M,30,,13,,,M,99,,,,,,NA
-79.37,43.86,TORONTO BUTTONVILLE A,6158409,4/16/2022 4:00,2022,4,16,4:00,0.7,,-4.9,,66,,,M,30,,18,,,M,99.03,,,,,,NA
-79.37,43.86,TORONTO BUTTONVILLE A,6158409,4/16/2022 5:00,2022,4,16,5:00,0.3,,-6.4,,61,,,M,30,,15,,,M,99.05,,,,,,NA
-79.37,43.86,TORONTO BUTTONVILLE A,6158409,4/16/2022 6:00,2022,4,16,6:00,-0.3,,-6.2,,64,,,M,28,,12,,,M,99.09,,,,-4,,NA
-79.37,43.86,TORONTO BUTTONVILLE A,6158409,4/16/2022 7:00,2022,4,16,7:00,0.8,,-6.8,,57,,,M,28,,12,,,M,99.1,,,,,,NA
-79.37,43.86,TORONTO BUTTONVILLE A,6158409,4/16/2022 8:00,2022,4,16,8:00,1.9,,-7.7,,49,,,M,27,,8,,,M,99.11,,,,,,NA
-79.37,43.86,TORONTO BUTTONVILLE A,6158409,4/16/2022 9:00,2022,4,16,9:00,3.7,,-7.5,,44,,,M,25,,11,,,M,99.05,,,,,,NA
-79.37,43.86,TORONTO BUTTONVILLE A,6158409,4/16/2022 10:00,2022,4,16,10:00,5,,-6.7,,43,,,M,26,,24,,,M,99.03,,,,,,NA
-79.37,43.86,TORONTO BUTTONVILLE A,6158409,4/16/2022 11:00,2022,4,16,11:00,5.9,,-6,,42,,,M,24,,10,,,M,98.98,,,,,,NA
-79.37,43.86,TORONTO BUTTONVILLE A,6158409,4/16/2022 12:00,2022,4,16,12:00,5.9,,-4.6,,47,,,M,29,,22,,,M,98.92,,,,,,NA
-79.37,43.86,TORONTO BUTTONVILLE A,6158409,4/16/2022 13:00,2022,4,16,13:00,6,,-4.6,,46,,,M,26,,8,,,M,98.87,,,,,,NA
-79.37,43.86,TORONTO BUTTONVILLE A,6158409,4/16/2022 14:00,2022,4,16,14:00,6.4,,-5.9,,41,,,M,29,,28,,,M,98.86,,,,,,NA
-79.37,43.86,TORONTO BUTTONVILLE A,6158409,4/16/2022 15:00,2022,4,16,15:00,4.6,,-4.7,,51,,,M,33,,36,,,M,98.89,,,,,,NA
-79.37,43.86,TORONTO BUTTONVILLE A,6158409,4/16/2022 16:00,2022,4,16,16:00,3.5,,-3.7,,59,,,M,31,,30,,,M,98.97,,,,,,NA
-79.37,43.86,TORONTO BUTTONVILLE A,6158409,4/16/2022 17:00,2022,4,16,17:00,3.2,,-4.4,,57,,,M,31,,27,,,M,99.06,,,,,,NA
-79.37,43.86,TORONTO BUTTONVILLE A,6158409,4/16/2022 18:00,2022,4,16,18:00,1.9,,-4.9,,61,,,M,31,,28,,,M,99.16,,,,,,NA
-79.37,43.86,TORONTO BUTTONVILLE A,6158409,4/16/2022 19:00,2022,4,16,19:00,1.1,,-5.6,,61,,,M,32,,23,,,M,99.22,,,,,,NA
-79.37,43.86,TORONTO BUTTONVILLE A,6158409,4/16/2022 20:00,2022,4,16,20:00,0.7,,-6.1,,61,,,M,30,,22,,,M,99.3,,,,,,NA
-79.37,43.86,TORONTO BUTTONVILLE A,6158409,4/16/2022 21:00,2022,4,16,21:00,0.2,,-6,,63,,,M,31,,19,,,M,99.36,,,,,,NA
-79.37,43.86,TORONTO BUTTONVILLE A,6158409,4/16/2022 22:00,2022,4,16,22:00,-0.4,,-5.6,,68,,,M,31,,20,,,M,99.39,,,,-6,,NA
-79.37,43.86,TORONTO BUTTONVILLE A,6158409,4/16/2022 23:00,2022,4,16,23:00,-0.7,,-5.2,,72,,,M,30,,18,,,M,99.43,,,,-6,,NA
-79.37,43.86,TORONTO BUTTONVILLE A,6158409,4/17/2022 0:00,2022,4,17,0:00,-0.4,,-7.2,,60,,,M,30,,24,,,M,99.44,,,,-6,,NA
-79.37,43.86,TORONTO BUTTONVILLE A,6158409,4/17/2022 1:00,2022,4,17,1:00,-0.6,,-7.1,,62,,,M,29,,21,,,M,99.47,,,,-6,,NA
-79.37,43.86,TORONTO BUTTONVILLE A,6158409,4/17/2022 2:00,2022,4,17,2:00,-1,,-5.8,,70,,,M,29,,23,,,M,99.48,,,,-7,,NA
-79.37,43.86,TORONTO BUTTONVILLE A,6158409,4/17/2022 3:00,2022,4,17,3:00,-1.4,,-4.3,,81,,,M,29,,22,,,M,99.53,,,,-7,,NA
-79.37,43.86,TORONTO BUTTONVILLE A,6158409,4/17/2022 4:00,2022,4,17,4:00,-1.8,,-3.5,,88,,,M,28,,20,,,M,99.6,,,,-8,,NA
-79.37,43.86,TORONTO BUTTONVILLE A,6158409,4/17/2022 5:00,2022,4,17,5:00,-2.1,,-4.3,,85,,,M,28,,20,,,M,99.68,,,,-8,,NA
-79.37,43.86,TORONTO BUTTONVILLE A,6158409,4/17/2022 6:00,2022,4,17,6:00,-1.8,,-5.5,,76,,,M,29,,21,,,M,99.8,,,,-8,,NA
-79.37,43.86,TORONTO BUTTONVILLE A,6158409,4/17/2022 7:00,2022,4,17,7:00,-1,,-5.4,,72,,,M,30,,28,,,M,99.9,,,,-8,,NA
-79.37,43.86,TORONTO BUTTONVILLE A,6158409,4/17/2022 8:00,2022,4,17,8:00,-0.1,,-3.8,,76,,,M,32,,31,,,M,100.02,,,,-7,,NA
-79.37,43.86,TORONTO BUTTONVILLE A,6158409,4/17/2022 9:00,2022,4,17,9:00,1.4,,-3.5,,70,,,M,31,,26,,,M,100.08,,,,,,NA
-79.37,43.86,TORONTO BUTTONVILLE A,6158409,4/17/2022 10:00,2022,4,17,10:00,3.1,,-3.8,,61,,,M,34,,17,,,M,100.15,,,,,,NA
-79.37,43.86,TORONTO BUTTONVILLE A,6158409,4/17/2022 11:00,2022,4,17,11:00,3.7,,-5.4,,52,,,M,33,,21,,,M,100.16,,,,,,NA
-79.37,43.86,TORONTO BUTTONVILLE A,6158409,4/17/2022 12:00,2022,4,17,12:00,5,,-4.8,,49,,,M,31,,26,,,M,100.15,,,,,,NA
-79.37,43.86,TORONTO BUTTONVILLE A,6158409,4/17/2022 13:00,2022,4,17,13:00,5.7,,-6.6,,41,,,M,32,,25,,,M,100.14,,,,,,NA
-79.37,43.86,TORONTO BUTTONVILLE A,6158409,4/17/2022 14:00,2022,4,17,14:00,6.5,,-6.1,,40,,,M,31,,24,,,M,100.14,,,,,,NA
-79.37,43.86,TORONTO BUTTONVILLE A,6158409,4/17/2022 15:00,2022,4,17,15:00,6.5,,-6.4,,39,,,M,29,,12,,,M,100.15,,,,,,NA
-79.37,43.86,TORONTO BUTTONVILLE A,6158409,4/17/2022 16:00,2022,4,17,16:00,6.7,,-7.1,,37,,,M,28,,8,,,M,100.17,,,,,,NA
-79.37,43.86,TORONTO BUTTONVILLE A,6158409,4/17/2022 17:00,2022,4,17,17:00,6.6,,-6.8,,38,,,M,28,,11,,,M,100.22,,,,,,NA
-79.37,43.86,TORONTO BUTTONVILLE A,6158409,4/17/2022 18:00,2022,4,17,18:00,6.3,,-6.5,,40,,,M,30,,19,,,M,100.25,,,,,,NA
-79.37,43.86,TORONTO BUTTONVILLE A,6158409,4/17/2022 19:00,2022,4,17,19:00,5.1,,-5.4,,47,,,M,29,,15,,,M,100.27,,,,,,NA
-79.37,43.86,TORONTO BUTTONVILLE A,6158409,4/17/2022 20:00,2022,4,17,20:00,3.6,,-5.2,,53,,,M,29,,13,,,M,100.3,,,,,,NA
-79.37,43.86,TORONTO BUTTONVILLE A,6158409,4/17/2022 21:00,2022,4,17,21:00,2.5,,-5.2,,57,,,M,32,,7,,,M,100.33,,,,,,NA
-79.37,43.86,TORONTO BUTTONVILLE A,6158409,4/17/2022 22:00,2022,4,17,22:00,1.7,,-5.6,,59,,,M,29,,16,,,M,100.36,,,,,,NA
-79.37,43.86,TORONTO BUTTONVILLE A,6158409,4/17/2022 23:00,2022,4,17,23:00,0.7,,-6.5,,58,,,M,30,,9,,,M,100.34,,,,,,NA
-79.37,43.86,TORONTO BUTTONVILLE A,6158409,4/18/2022 0:00,2022,4,18,0:00,0.2,,-6.7,,60,,,M,31,,7,,,M,100.35,,,,,,NA
-79.37,43.86,TORONTO BUTTONVILLE A,6158409,4/18/2022 1:00,2022,4,18,1:00,-0.5,,-6.6,,64,,,M,34,,3,,,M,100.34,,,,-1,,NA
-79.37,43.86,TORONTO BUTTONVILLE A,6158409,4/18/2022 2:00,2022,4,18,2:00,-1.7,,-5.8,,74,,,M,29,,9,,,M,100.28,,,,-5,,NA
-79.37,43.86,TORONTO BUTTONVILLE A,6158409,4/18/2022 3:00,2022,4,18,3:00,-1.5,,-6.3,,70,,,M,28,,11,,,M,100.26,,,,-5,,NA
-79.37,43.86,TORONTO BUTTONVILLE A,6158409,4/18/2022 4:00,2022,4,18,4:00,-2.3,,-6.3,,74,,,M,29,,10,,,M,100.21,,,,-6,,NA
-79.37,43.86,TORONTO BUTTONVILLE A,6158409,4/18/2022 5:00,2022,4,18,5:00,-1.9,,-6.2,,72,,,M,31,,9,,,M,100.17,,,,-5,,NA
-79.37,43.86,TORONTO BUTTONVILLE A,6158409,4/18/2022 6:00,2022,4,18,6:00,-0.6,,-6.2,,66,,,M,2,,7,,,M,100.09,,,,-3,,NA
-79.37,43.86,TORONTO BUTTONVILLE A,6158409,4/18/2022 7:00,2022,4,18,7:00,1.5,,-5.6,,59,,,M,9,,15,,,M,100.06,,,,,,NA
-79.37,43.86,TORONTO BUTTONVILLE A,6158409,4/18/2022 8:00,2022,4,18,8:00,3.4,,-3.2,,62,,,M,13,,23,,,M,99.97,,,,,,NA
-79.37,43.86,TORONTO BUTTONVILLE A,6158409,4/18/2022 9:00,2022,4,18,9:00,4.6,,-2.3,,61,,,M,13,,23,,,M,99.93,,,,,,NA
-79.37,43.86,TORONTO BUTTONVILLE A,6158409,4/18/2022 10:00,2022,4,18,10:00,5.6,,-2.9,,54,,,M,8,,20,,,M,99.69,,,,,,NA
-79.37,43.86,TORONTO BUTTONVILLE A,6158409,4/18/2022 11:00,2022,4,18,11:00,5.9,,-3,,53,,,M,13,,25,,,M,99.66,,,,,,NA
-79.37,43.86,TORONTO BUTTONVILLE A,6158409,4/18/2022 12:00,2022,4,18,12:00,5.8,,-3.8,,50,,,M,12,,30,,,M,99.58,,,,,,NA
-79.37,43.86,TORONTO BUTTONVILLE A,6158409,4/18/2022 13:00,2022,4,18,13:00,6,,-3.9,,49,,,M,12,,21,,,M,99.38,,,,,,NA
-79.37,43.86,TORONTO BUTTONVILLE A,6158409,4/18/2022 14:00,2022,4,18,14:00,6.3,,-3.1,,51,,,M,10,,21,,,M,99.21,,,,,,NA
-79.37,43.86,TORONTO BUTTONVILLE A,6158409,4/18/2022 15:00,2022,4,18,15:00,6.4,,-3.6,,49,,,M,13,,23,,,M,99.1,,,,,,NA
-79.37,43.86,TORONTO BUTTONVILLE A,6158409,4/18/2022 16:00,2022,4,18,16:00,2.7,,1.1,,89,,,M,16,,27,,,M,99.08,,,,,,NA
-79.37,43.86,TORONTO BUTTONVILLE A,6158409,4/18/2022 17:00,2022,4,18,17:00,0.2,,-0.2,,98,,,M,15,,12,,,M,99.11,,,,,,NA
-79.37,43.86,TORONTO BUTTONVILLE A,6158409,4/18/2022 18:00,2022,4,18,18:00,0.1,,-0.1,,98,,,M,17,,13,,,M,99.01,,,,,,NA
-79.37,43.86,TORONTO BUTTONVILLE A,6158409,4/18/2022 19:00,2022,4,18,19:00,0.4,,0,,98,,,M,13,,16,,,M,98.9,,,,,,NA
-79.37,43.86,TORONTO BUTTONVILLE A,6158409,4/18/2022 20:00,2022,4,18,20:00,0.5,,0.1,,97,,,M,12,,16,,,M,98.85,,,,,,NA
-79.37,43.86,TORONTO BUTTONVILLE A,6158409,4/18/2022 21:00,2022,4,18,21:00,0.6,,0.2,,97,,,M,13,,16,,,M,98.78,,,,,,NA
-79.37,43.86,TORONTO BUTTONVILLE A,6158409,4/18/2022 22:00,2022,4,18,22:00,1.1,,0.8,,98,,,M,13,,14,,,M,98.67,,,,,,NA
-79.37,43.86,TORONTO BUTTONVILLE A,6158409,4/18/2022 23:00,2022,4,18,23:00,1.5,,1.3,,98,,,M,17,,20,,,M,98.56,,,,,,NA
-79.37,43.86,TORONTO BUTTONVILLE A,6158409,4/19/2022 0:00,2022,4,19,0:00,1.6,,1.2,,97,,,M,16,,12,,,M,98.47,,,,,,NA
-79.37,43.86,TORONTO BUTTONVILLE A,6158409,4/19/2022 1:00,2022,4,19,1:00,1.5,,1,,97,,,M,20,,11,,,M,98.41,,,,,,NA
-79.37,43.86,TORONTO BUTTONVILLE A,6158409,4/19/2022 2:00,2022,4,19,2:00,1.2,,0.8,,97,,,M,22,,12,,,M,98.39,,,,,,NA
-79.37,43.86,TORONTO BUTTONVILLE A,6158409,4/19/2022 3:00,2022,4,19,3:00,1.2,,0.7,,97,,,M,21,,10,,,M,98.34,,,,,,NA
-79.37,43.86,TORONTO BUTTONVILLE A,6158409,4/19/2022 4:00,2022,4,19,4:00,1.3,,0.4,,93,,,M,24,,10,,,M,98.29,,,,,,NA
-79.37,43.86,TORONTO BUTTONVILLE A,6158409,4/19/2022 5:00,2022,4,19,5:00,1.1,,-0.4,,90,,,M,23,,10,,,M,98.24,,,,,,NA
-79.37,43.86,TORONTO BUTTONVILLE A,6158409,4/19/2022 6:00,2022,4,19,6:00,1.2,,-0.6,,87,,,M,26,,21,,,M,98.21,,,,,,NA
-79.37,43.86,TORONTO BUTTONVILLE A,6158409,4/19/2022 7:00,2022,4,19,7:00,1.4,,-0.6,,86,,,M,24,,14,,,M,98.19,,,,,,NA
-79.37,43.86,TORONTO BUTTONVILLE A,6158409,4/19/2022 8:00,2022,4,19,8:00,1.9,,-0.5,,84,,,M,25,,13,,,M,98.12,,,,,,NA
-79.37,43.86,TORONTO BUTTONVILLE A,6158409,4/19/2022 9:00,2022,4,19,9:00,2.4,,-0.2,,83,,,M,27,,22,,,M,98.07,,,,,,NA
-79.37,43.86,TORONTO BUTTONVILLE A,6158409,4/19/2022 10:00,2022,4,19,10:00,3.1,,-0.4,,78,,,M,28,,27,,,M,98.06,,,,,,NA
-79.37,43.86,TORONTO BUTTONVILLE A,6158409,4/19/2022 11:00,2022,4,19,11:00,3.8,,0,,76,,,M,27,,32,,,M,98.05,,,,,,NA
-79.37,43.86,TORONTO BUTTONVILLE A,6158409,4/19/2022 12:00,2022,4,19,12:00,3.6,,1.7,,87,,,M,29,,27,,,M,98.07,,,,,,NA
-79.37,43.86,TORONTO BUTTONVILLE A,6158409,4/19/2022 13:00,2022,4,19,13:00,1.7,,0.7,,93,,,M,31,,26,,,M,98.12,,,,,,NA
-79.37,43.86,TORONTO BUTTONVILLE A,6158409,4/19/2022 14:00,2022,4,19,14:00,2.8,,1.8,,93,,,M,30,,25,,,M,98.17,,,,,,NA
-79.37,43.86,TORONTO BUTTONVILLE A,6158409,4/19/2022 15:00,2022,4,19,15:00,4.1,,0.5,,77,,,M,29,,36,,,M,98.23,,,,,,NA
-79.37,43.86,TORONTO BUTTONVILLE A,6158409,4/19/2022 16:00,2022,4,19,16:00,3.6,,1,,83,,,M,30,,39,,,M,98.34,,,,,,NA
-79.37,43.86,TORONTO BUTTONVILLE A,6158409,4/19/2022 17:00,2022,4,19,17:00,3.2,,0.6,,83,,,M,30,,39,,,M,98.46,,,,,,NA
-79.37,43.86,TORONTO BUTTONVILLE A,6158409,4/19/2022 18:00,2022,4,19,18:00,2.6,,0.6,,87,,,M,30,,33,,,M,98.63,,,,,,NA
-79.37,43.86,TORONTO BUTTONVILLE A,6158409,4/19/2022 19:00,2022,4,19,19:00,2.5,,0.1,,85,,,M,30,,35,,,M,98.79,,,,,,NA
-79.37,43.86,TORONTO BUTTONVILLE A,6158409,4/19/2022 20:00,2022,4,19,20:00,2.6,,0,,83,,,M,29,,35,,,M,98.97,,,,,,NA
-79.37,43.86,TORONTO BUTTONVILLE A,6158409,4/19/2022 21:00,2022,4,19,21:00,2.5,,0.2,,85,,,M,29,,33,,,M,99.11,,,,,,NA
-79.37,43.86,TORONTO BUTTONVILLE A,6158409,4/19/2022 22:00,2022,4,19,22:00,2.8,,-0.6,,79,,,M,28,,30,,,M,99.21,,,,,,NA
-79.37,43.86,TORONTO BUTTONVILLE A,6158409,4/19/2022 23:00,2022,4,19,23:00,3,,-0.9,,76,,,M,28,,35,,,M,99.32,,,,,,NA
-79.37,43.86,TORONTO BUTTONVILLE A,6158409,4/20/2022 0:00,2022,4,20,0:00,2.9,,-1.4,,73,,,M,28,,29,,,M,99.45,,,,,,NA
-79.37,43.86,TORONTO BUTTONVILLE A,6158409,4/20/2022 1:00,2022,4,20,1:00,2.3,,-1.3,,77,,,M,27,,22,,,M,99.56,,,,,,NA
-79.37,43.86,TORONTO BUTTONVILLE A,6158409,4/20/2022 2:00,2022,4,20,2:00,2,,-1.4,,78,,,M,27,,28,,,M,99.67,,,,,,NA
-79.37,43.86,TORONTO BUTTONVILLE A,6158409,4/20/2022 3:00,2022,4,20,3:00,1.6,,-2.1,,76,,,M,27,,26,,,M,99.8,,,,,,NA
-79.37,43.86,TORONTO BUTTONVILLE A,6158409,4/20/2022 4:00,2022,4,20,4:00,1.5,,-2.5,,74,,,M,26,,8,,,M,99.92,,,,,,NA
-79.37,43.86,TORONTO BUTTONVILLE A,6158409,4/20/2022 5:00,2022,4,20,5:00,0.8,,-2.4,,79,,,M,27,,22,,,M,100.04,,,,,,NA
-79.37,43.86,TORONTO BUTTONVILLE A,6158409,4/20/2022 6:00,2022,4,20,6:00,1.2,,-2.4,,77,,,M,28,,21,,,M,100.16,,,,,,NA
-79.37,43.86,TORONTO BUTTONVILLE A,6158409,4/20/2022 7:00,2022,4,20,7:00,2.2,,-2.4,,72,,,M,29,,20,,,M,100.19,,,,,,NA
-79.37,43.86,TORONTO BUTTONVILLE A,6158409,4/20/2022 8:00,2022,4,20,8:00,3,,-3.4,,63,,,M,30,,28,,,M,100.28,,,,,,NA
-79.37,43.86,TORONTO BUTTONVILLE A,6158409,4/20/2022 9:00,2022,4,20,9:00,3.9,,-3.4,,59,,,M,29,,26,,,M,100.35,,,,,,NA
-79.37,43.86,TORONTO BUTTONVILLE A,6158409,4/20/2022 10:00,2022,4,20,10:00,5.4,,-2.1,,58,,,M,30,,23,,,M,100.38,,,,,,NA
-79.37,43.86,TORONTO BUTTONVILLE A,6158409,4/20/2022 11:00,2022,4,20,11:00,6.3,,-2.7,,52,,,M,28,,27,,,M,100.41,,,,,,NA
-79.37,43.86,TORONTO BUTTONVILLE A,6158409,4/20/2022 12:00,2022,4,20,12:00,7.5,,-2.8,,48,,,M,29,,22,,,M,100.42,,,,,,NA
-79.37,43.86,TORONTO BUTTONVILLE A,6158409,4/20/2022 13:00,2022,4,20,13:00,8.4,,-1.7,,49,,,M,25,,2,,,M,100.4,,,,,,NA
-79.37,43.86,TORONTO BUTTONVILLE A,6158409,4/20/2022 14:00,2022,4,20,14:00,9.3,,-3,,42,,,M,28,,22,,,M,100.41,,,,,,NA
-79.37,43.86,TORONTO BUTTONVILLE A,6158409,4/20/2022 15:00,2022,4,20,15:00,9.7,,-0.9,,48,,,M,22,,24,,,M,100.38,,,,,,NA
-79.37,43.86,TORONTO BUTTONVILLE A,6158409,4/20/2022 16:00,2022,4,20,16:00,9.2,,-2.6,,43,,,M,20,,17,,,M,100.37,,,,,,NA
-79.37,43.86,TORONTO BUTTONVILLE A,6158409,4/20/2022 17:00,2022,4,20,17:00,9.2,,-1.5,,47,,,M,17,,18,,,M,100.37,,,,,,NA
-79.37,43.86,TORONTO BUTTONVILLE A,6158409,4/20/2022 18:00,2022,4,20,18:00,8.1,,-0.4,,55,,,M,20,,21,,,M,100.37,,,,,,NA
-79.37,43.86,TORONTO BUTTONVILLE A,6158409,4/20/2022 19:00,2022,4,20,19:00,7.3,,-2.5,,50,,,M,21,,21,,,M,100.33,,,,,,NA
-79.37,43.86,TORONTO BUTTONVILLE A,6158409,4/20/2022 20:00,2022,4,20,20:00,6.8,,-4.3,,45,,,M,17,,16,,,M,100.3,,,,,,NA
-79.37,43.86,TORONTO BUTTONVILLE A,6158409,4/20/2022 21:00,2022,4,20,21:00,6.8,,-5,,43,,,M,15,,10,,,M,100.24,,,,,,NA
-79.37,43.86,TORONTO BUTTONVILLE A,6158409,4/20/2022 22:00,2022,4,20,22:00,6.5,,-2.3,,53,,,M,14,,13,,,M,100.17,,,,,,NA
-79.37,43.86,TORONTO BUTTONVILLE A,6158409,4/20/2022 23:00,2022,4,20,23:00,5.6,,-2,,58,,,M,16,,19,,,M,100.14,,,,,,NA
-79.37,43.86,TORONTO BUTTONVILLE A,6158409,4/21/2022 0:00,2022,4,21,0:00,5.4,,-1.9,,59,,,M,16,,21,,,M,100.04,,,,,,NA
-79.37,43.86,TORONTO BUTTONVILLE A,6158409,4/21/2022 1:00,2022,4,21,1:00,5.2,,-1.8,,60,,,M,14,,19,,,M,99.94,,,,,,NA
-79.37,43.86,TORONTO BUTTONVILLE A,6158409,4/21/2022 2:00,2022,4,21,2:00,4.9,,-1,,65,,,M,14,,17,,,M,99.84,,,,,,NA
-79.37,43.86,TORONTO BUTTONVILLE A,6158409,4/21/2022 3:00,2022,4,21,3:00,4.7,,-0.6,,69,,,M,14,,16,,,M,99.69,,,,,,NA
-79.37,43.86,TORONTO BUTTONVILLE A,6158409,4/21/2022 4:00,2022,4,21,4:00,4.6,,-0.1,,71,,,M,14,,13,,,M,99.6,,,,,,NA
-79.37,43.86,TORONTO BUTTONVILLE A,6158409,4/21/2022 5:00,2022,4,21,5:00,4.7,,0.2,,72,,,M,16,,13,,,M,99.56,,,,,,NA
-79.37,43.86,TORONTO BUTTONVILLE A,6158409,4/21/2022 6:00,2022,4,21,6:00,4.8,,1.3,,78,,,M,16,,14,,,M,99.46,,,,,,NA
-79.37,43.86,TORONTO BUTTONVILLE A,6158409,4/21/2022 7:00,2022,4,21,7:00,5,,3.2,,88,,,M,16,,14,,,M,99.4,,,,,,NA
-79.37,43.86,TORONTO BUTTONVILLE A,6158409,4/21/2022 8:00,2022,4,21,8:00,5.6,,4.8,,95,,,M,20,,22,,,M,99.31,,,,,,NA
-79.37,43.86,TORONTO BUTTONVILLE A,6158409,4/21/2022 9:00,2022,4,21,9:00,7.2,,6.6,,96,,,M,21,,26,,,M,99.24,,,,,,NA
-79.37,43.86,TORONTO BUTTONVILLE A,6158409,4/21/2022 10:00,2022,4,21,10:00,8.2,,7.7,,96,,,M,22,,30,,,M,99.17,,,,,,NA
-79.37,43.86,TORONTO BUTTONVILLE A,6158409,4/21/2022 11:00,2022,4,21,11:00,9.1,,8.6,,97,,,M,23,,25,,,M,99.16,,,,,,NA
-79.37,43.86,TORONTO BUTTONVILLE A,6158409,4/21/2022 12:00,2022,4,21,12:00,10.7,,9.8,,94,,,M,24,,26,,,M,99.14,,,,,,NA
-79.37,43.86,TORONTO BUTTONVILLE A,6158409,4/21/2022 13:00,2022,4,21,13:00,11.7,,10.2,,90,,,M,24,,23,,,M,99.17,,,,,,NA
-79.37,43.86,TORONTO BUTTONVILLE A,6158409,4/21/2022 14:00,2022,4,21,14:00,11.9,,9.8,,87,,,M,27,,28,,,M,99.27,,,,,,NA
-79.37,43.86,TORONTO BUTTONVILLE A,6158409,4/21/2022 15:00,2022,4,21,15:00,14.6,,7.3,,61,,,M,27,,34,,,M,99.39,,,,,,NA
-79.37,43.86,TORONTO BUTTONVILLE A,6158409,4/21/2022 16:00,2022,4,21,16:00,15.1,,6.3,,55,,,M,27,,32,,,M,99.44,,,,,,NA
-79.37,43.86,TORONTO BUTTONVILLE A,6158409,4/21/2022 17:00,2022,4,21,17:00,15.3,,5,,50,,,M,28,,35,,,M,99.52,,,,,,NA
-79.37,43.86,TORONTO BUTTONVILLE A,6158409,4/21/2022 18:00,2022,4,21,18:00,14.6,,4.6,,51,,,M,26,,34,,,M,99.66,,,,,,NA
-79.37,43.86,TORONTO BUTTONVILLE A,6158409,4/21/2022 19:00,2022,4,21,19:00,14,,5.3,,55,,,M,26,,27,,,M,99.73,,,,,,NA
-79.37,43.86,TORONTO BUTTONVILLE A,6158409,4/21/2022 20:00,2022,4,21,20:00,13.5,,5.2,,57,,,M,25,,25,,,M,99.74,,,,,,NA
-79.37,43.86,TORONTO BUTTONVILLE A,6158409,4/21/2022 21:00,2022,4,21,21:00,8.3,,4.3,,76,,,M,31,,28,,,M,100.01,,,,,,NA
-79.37,43.86,TORONTO BUTTONVILLE A,6158409,4/21/2022 22:00,2022,4,21,22:00,7.3,,2.8,,73,,,M,31,,23,,,M,100.12,,,,,,NA
-79.37,43.86,TORONTO BUTTONVILLE A,6158409,4/21/2022 23:00,2022,4,21,23:00,6.7,,0.6,,65,,,M,31,,37,,,M,100.2,,,,,,NA
-79.37,43.86,TORONTO BUTTONVILLE A,6158409,4/22/2022 0:00,2022,4,22,0:00,6.3,,-1,,60,,,M,31,,39,,,M,100.27,,,,,,NA
-79.37,43.86,TORONTO BUTTONVILLE A,6158409,4/22/2022 1:00,2022,4,22,1:00,5.4,,-0.6,,65,,,M,29,,24,,,M,100.36,,,,,,NA
-79.37,43.86,TORONTO BUTTONVILLE A,6158409,4/22/2022 2:00,2022,4,22,2:00,5,,-0.9,,66,,,M,30,,27,,,M,100.39,,,,,,NA
-79.37,43.86,TORONTO BUTTONVILLE A,6158409,4/22/2022 3:00,2022,4,22,3:00,4.7,,-1,,67,,,M,29,,21,,,M,100.45,,,,,,NA
-79.37,43.86,TORONTO BUTTONVILLE A,6158409,4/22/2022 4:00,2022,4,22,4:00,3.9,,-1,,70,,,M,26,,7,,,M,100.59,,,,,,NA
-79.37,43.86,TORONTO BUTTONVILLE A,6158409,4/22/2022 5:00,2022,4,22,5:00,3.2,,-0.7,,75,,,M,27,,22,,,M,100.68,,,,,,NA
-79.37,43.86,TORONTO BUTTONVILLE A,6158409,4/22/2022 6:00,2022,4,22,6:00,3.7,,0.1,,77,,,M,30,,22,,,M,100.75,,,,,,NA
-79.37,43.86,TORONTO BUTTONVILLE A,6158409,4/22/2022 7:00,2022,4,22,7:00,4.7,,1.1,,77,,,M,31,,22,,,M,100.85,,,,,,NA
-79.37,43.86,TORONTO BUTTONVILLE A,6158409,4/22/2022 8:00,2022,4,22,8:00,5.8,,1.4,,73,,,M,30,,24,,,M,100.93,,,,,,NA
-79.37,43.86,TORONTO BUTTONVILLE A,6158409,4/22/2022 9:00,2022,4,22,9:00,7.2,,2.4,,71,,,M,33,,11,,,M,100.98,,,,,,NA
-79.37,43.86,TORONTO BUTTONVILLE A,6158409,4/22/2022 10:00,2022,4,22,10:00,7.9,,1.6,,64,,,M,31,,10,,,M,100.95,,,,,,NA
-79.37,43.86,TORONTO BUTTONVILLE A,6158409,4/22/2022 11:00,2022,4,22,11:00,9,,1.5,,59,,,M,31,,21,,,M,100.95,,,,,,NA
-79.37,43.86,TORONTO BUTTONVILLE A,6158409,4/22/2022 12:00,2022,4,22,12:00,10.4,,0.8,,51,,,M,25,,6,,,M,100.91,,,,,,NA
-79.37,43.86,TORONTO BUTTONVILLE A,6158409,4/22/2022 13:00,2022,4,22,13:00,11.2,,1.2,,50,,,M,14,,5,,,M,100.85,,,,,,NA
-79.37,43.86,TORONTO BUTTONVILLE A,6158409,4/22/2022 14:00,2022,4,22,14:00,12,,1.3,,48,,,M,3,,7,,,M,100.81,,,,,,NA
-79.37,43.86,TORONTO BUTTONVILLE A,6158409,4/22/2022 15:00,2022,4,22,15:00,12.4,,2.5,,51,,,M,13,,5,,,M,100.79,,,,,,NA
-79.37,43.86,TORONTO BUTTONVILLE A,6158409,4/22/2022 16:00,2022,4,22,16:00,13.2,,0.2,,41,,,M,27,,27,,,M,100.74,,,,,,NA
-79.37,43.86,TORONTO BUTTONVILLE A,6158409,4/22/2022 17:00,2022,4,22,17:00,13.2,,-1.8,,35,,,M,27,,3,,,M,100.72,,,,,,NA
-79.37,43.86,TORONTO BUTTONVILLE A,6158409,4/22/2022 18:00,2022,4,22,18:00,12,,2.1,,51,,,M,20,,13,,,M,100.68,,,,,,NA
-79.37,43.86,TORONTO BUTTONVILLE A,6158409,4/22/2022 19:00,2022,4,22,19:00,10.2,,1.7,,56,,,M,20,,10,,,M,100.69,,,,,,NA
-79.37,43.86,TORONTO BUTTONVILLE A,6158409,4/22/2022 20:00,2022,4,22,20:00,9.6,,0.8,,54,,,M,23,,3,,,M,100.71,,,,,,NA
-79.37,43.86,TORONTO BUTTONVILLE A,6158409,4/22/2022 21:00,2022,4,22,21:00,8.3,,1.2,,61,,,M,18,,8,,,M,100.72,,,,,,NA
-79.37,43.86,TORONTO BUTTONVILLE A,6158409,4/22/2022 22:00,2022,4,22,22:00,6.9,,1.7,,69,,,M,17,,3,,,M,100.7,,,,,,NA
-79.37,43.86,TORONTO BUTTONVILLE A,6158409,4/22/2022 23:00,2022,4,22,23:00,5.3,,2,,79,,,M,30,,10,,,M,100.6,,,,,,NA
-79.37,43.86,TORONTO BUTTONVILLE A,6158409,4/23/2022 0:00,2022,4,23,0:00,4.7,,1.5,,80,,,M,29,,10,,,M,100.55,,,,,,NA
-79.37,43.86,TORONTO BUTTONVILLE A,6158409,4/23/2022 1:00,2022,4,23,1:00,4.4,,1.4,,81,,,M,28,,11,,,M,100.49,,,,,,NA
-79.37,43.86,TORONTO BUTTONVILLE A,6158409,4/23/2022 2:00,2022,4,23,2:00,3.2,,0.7,,84,,,M,29,,10,,,M,100.47,,,,,,NA
-79.37,43.86,TORONTO BUTTONVILLE A,6158409,4/23/2022 3:00,2022,4,23,3:00,3.9,,1.2,,83,,,M,32,,8,,,M,100.42,,,,,,NA
-79.37,43.86,TORONTO BUTTONVILLE A,6158409,4/23/2022 4:00,2022,4,23,4:00,5.3,,1.3,,75,,,M,18,,11,,,M,100.41,,,,,,NA
-79.37,43.86,TORONTO BUTTONVILLE A,6158409,4/23/2022 5:00,2022,4,23,5:00,5.6,,1.1,,73,,,M,7,,4,,,M,100.38,,,,,,NA
-79.37,43.86,TORONTO BUTTONVILLE A,6158409,4/23/2022 6:00,2022,4,23,6:00,6,,1.1,,71,,,M,15,,8,,,M,100.39,,,,,,NA
-79.37,43.86,TORONTO BUTTONVILLE A,6158409,4/23/2022 7:00,2022,4,23,7:00,6,,1.3,,72,,,M,10,,14,,,M,100.32,,,,,,NA
-79.37,43.86,TORONTO BUTTONVILLE A,6158409,4/23/2022 8:00,2022,4,23,8:00,7.2,,1,,65,,,M,10,,14,,,M,100.31,,,,,,NA
-79.37,43.86,TORONTO BUTTONVILLE A,6158409,4/23/2022 9:00,2022,4,23,9:00,7.9,,1.4,,64,,,M,9,,17,,,M,100.29,,,,,,NA
-79.37,43.86,TORONTO BUTTONVILLE A,6158409,4/23/2022 10:00,2022,4,23,10:00,7.5,,1.3,,65,,,M,7,,17,,,M,100.28,,,,,,NA
-79.37,43.86,TORONTO BUTTONVILLE A,6158409,4/23/2022 11:00,2022,4,23,11:00,7.9,,1.3,,63,,,M,10,,14,,,M,100.32,,,,,,NA
-79.37,43.86,TORONTO BUTTONVILLE A,6158409,4/23/2022 12:00,2022,4,23,12:00,7.6,,2.2,,69,,,M,10,,9,,,M,100.21,,,,,,NA
-79.37,43.86,TORONTO BUTTONVILLE A,6158409,4/23/2022 13:00,2022,4,23,13:00,8.9,,0.9,,57,,,M,13,,19,,,M,99.97,,,,,,NA
-79.37,43.86,TORONTO BUTTONVILLE A,6158409,4/23/2022 14:00,2022,4,23,14:00,8.8,,0.8,,57,,,M,13,,20,,,M,99.99,,,,,,NA
-79.37,43.86,TORONTO BUTTONVILLE A,6158409,4/23/2022 15:00,2022,4,23,15:00,10.3,,0.9,,52,,,M,13,,22,,,M,99.92,,,,,,NA
-79.37,43.86,TORONTO BUTTONVILLE A,6158409,4/23/2022 16:00,2022,4,23,16:00,10.9,,0.6,,49,,,M,10,,17,,,M,99.87,,,,,,NA
-79.37,43.86,TORONTO BUTTONVILLE A,6158409,4/23/2022 17:00,2022,4,23,17:00,10.7,,-0.1,,47,,,M,11,,18,,,M,99.84,,,,,,NA
-79.37,43.86,TORONTO BUTTONVILLE A,6158409,4/23/2022 18:00,2022,4,23,18:00,10.6,,0.9,,51,,,M,11,,18,,,M,99.75,,,,,,NA
-79.37,43.86,TORONTO BUTTONVILLE A,6158409,4/23/2022 19:00,2022,4,23,19:00,8.7,,-0.3,,53,,,M,11,,14,,,M,99.81,,,,,,NA
-79.37,43.86,TORONTO BUTTONVILLE A,6158409,4/23/2022 20:00,2022,4,23,20:00,7.9,,0.6,,60,,,M,14,,10,,,M,99.8,,,,,,NA
-79.37,43.86,TORONTO BUTTONVILLE A,6158409,4/23/2022 21:00,2022,4,23,21:00,7.2,,1.2,,65,,,M,13,,9,,,M,99.78,,,,,,NA
-79.37,43.86,TORONTO BUTTONVILLE A,6158409,4/23/2022 22:00,2022,4,23,22:00,7.5,,1,,64,,,M,12,,19,,,M,99.72,,,,,,NA
-79.37,43.86,TORONTO BUTTONVILLE A,6158409,4/23/2022 23:00,2022,4,23,23:00,7.6,,1.4,,65,,,M,10,,17,,,M,99.66,,,,,,NA
-79.37,43.86,TORONTO BUTTONVILLE A,6158409,4/24/2022 0:00,2022,4,24,0:00,7.8,,2,,66,,,M,12,,15,,,M,99.59,,,,,,NA
-79.37,43.86,TORONTO BUTTONVILLE A,6158409,4/24/2022 1:00,2022,4,24,1:00,8.3,,3,,69,,,M,7,,9,,,M,99.57,,,,,,NA
-79.37,43.86,TORONTO BUTTONVILLE A,6158409,4/24/2022 2:00,2022,4,24,2:00,7.9,,2.9,,71,,,M,11,,9,,,M,99.52,,,,,,NA
-79.37,43.86,TORONTO BUTTONVILLE A,6158409,4/24/2022 3:00,2022,4,24,3:00,8,,3,,70,,,M,15,,6,,,M,99.5,,,,,,NA
-79.37,43.86,TORONTO BUTTONVILLE A,6158409,4/24/2022 4:00,2022,4,24,4:00,8.2,,2.9,,69,,,M,13,,10,,,M,99.47,,,,,,NA
-79.37,43.86,TORONTO BUTTONVILLE A,6158409,4/24/2022 5:00,2022,4,24,5:00,8.1,,2.7,,69,,,M,18,,10,,,M,99.46,,,,,,NA
-79.37,43.86,TORONTO BUTTONVILLE A,6158409,4/24/2022 6:00,2022,4,24,6:00,8.3,,2.8,,68,,,M,15,,12,,,M,99.52,,,,,,NA
-79.37,43.86,TORONTO BUTTONVILLE A,6158409,4/24/2022 7:00,2022,4,24,7:00,8.9,,3,,66,,,M,15,,17,,,M,99.55,,,,,,NA
-79.37,43.86,TORONTO BUTTONVILLE A,6158409,4/24/2022 8:00,2022,4,24,8:00,9.9,,3.2,,63,,,M,15,,17,,,M,99.55,,,,,,NA
-79.37,43.86,TORONTO BUTTONVILLE A,6158409,4/24/2022 9:00,2022,4,24,9:00,10.9,,4,,62,,,M,15,,16,,,M,99.52,,,,,,NA
-79.37,43.86,TORONTO BUTTONVILLE A,6158409,4/24/2022 10:00,2022,4,24,10:00,11.3,,4,,61,,,M,15,,18,,,M,99.48,,,,,,NA
-79.37,43.86,TORONTO BUTTONVILLE A,6158409,4/24/2022 11:00,2022,4,24,11:00,12.5,,4.5,,58,,,M,17,,19,,,M,99.43,,,,,,NA
-79.37,43.86,TORONTO BUTTONVILLE A,6158409,4/24/2022 12:00,2022,4,24,12:00,13.1,,4.4,,55,,,M,17,,19,,,M,99.39,,,,,,NA
-79.37,43.86,TORONTO BUTTONVILLE A,6158409,4/24/2022 13:00,2022,4,24,13:00,13.8,,4.5,,53,,,M,14,,17,,,M,99.36,,,,,,NA
-79.37,43.86,TORONTO BUTTONVILLE A,6158409,4/24/2022 14:00,2022,4,24,14:00,13.9,,4.8,,54,,,M,16,,17,,,M,99.32,,,,,,NA
-79.37,43.86,TORONTO BUTTONVILLE A,6158409,4/24/2022 15:00,2022,4,24,15:00,15.4,,6.5,,55,,,M,14,,15,,,M,99.23,,,,,,NA
-79.37,43.86,TORONTO BUTTONVILLE A,6158409,4/24/2022 16:00,2022,4,24,16:00,15,,5.2,,52,,,M,12,,14,,,M,99.19,,,,,,NA
-79.37,43.86,TORONTO BUTTONVILLE A,6158409,4/24/2022 17:00,2022,4,24,17:00,13.5,,4.8,,56,,,M,14,,17,,,M,99.15,,,,,,NA
-79.37,43.86,TORONTO BUTTONVILLE A,6158409,4/24/2022 18:00,2022,4,24,18:00,13.7,,5.1,,56,,,M,12,,10,,,M,99.12,,,,,,NA
-79.37,43.86,TORONTO BUTTONVILLE A,6158409,4/24/2022 19:00,2022,4,24,19:00,13,,5.5,,60,,,M,15,,12,,,M,99.1,,,,,,NA
-79.37,43.86,TORONTO BUTTONVILLE A,6158409,4/24/2022 20:00,2022,4,24,20:00,12.7,,5.9,,63,,,M,13,,10,,,M,99.11,,,,,,NA
-79.37,43.86,TORONTO BUTTONVILLE A,6158409,4/24/2022 21:00,2022,4,24,21:00,12.6,,6,,64,,,M,7,,7,,,M,99.07,,,,,,NA
-79.37,43.86,TORONTO BUTTONVILLE A,6158409,4/24/2022 22:00,2022,4,24,22:00,12.6,,5.8,,63,,,M,14,,9,,,M,99.03,,,,,,NA
-79.37,43.86,TORONTO BUTTONVILLE A,6158409,4/24/2022 23:00,2022,4,24,23:00,12.3,,5.4,,62,,,M,14,,5,,,M,98.98,,,,,,NA
-79.37,43.86,TORONTO BUTTONVILLE A,6158409,4/25/2022 0:00,2022,4,25,0:00,12.4,,5.1,,61,,,M,10,,10,,,M,99.02,,,,,,NA
-79.37,43.86,TORONTO BUTTONVILLE A,6158409,4/25/2022 1:00,2022,4,25,1:00,12.9,,5,,58,,,M,29,,3,,,M,99.04,,,,,,NA
-79.37,43.86,TORONTO BUTTONVILLE A,6158409,4/25/2022 2:00,2022,4,25,2:00,11.5,,7.7,,77,,,M,28,,13,,,M,98.96,,,,,,NA
-79.37,43.86,TORONTO BUTTONVILLE A,6158409,4/25/2022 3:00,2022,4,25,3:00,11.8,,7.9,,77,,,M,30,,4,,,M,98.92,,,,,,NA
-79.37,43.86,TORONTO BUTTONVILLE A,6158409,4/25/2022 4:00,2022,4,25,4:00,11.7,,8.7,,82,,,M,28,,9,,,M,98.95,,,,,,NA
-79.37,43.86,TORONTO BUTTONVILLE A,6158409,4/25/2022 5:00,2022,4,25,5:00,11.6,,7.6,,77,,,M,17,,8,,,M,99,,,,,,NA
-79.37,43.86,TORONTO BUTTONVILLE A,6158409,4/25/2022 6:00,2022,4,25,6:00,11.2,,7.4,,77,,,M,32,,6,,,M,99.01,,,,,,NA
-79.37,43.86,TORONTO BUTTONVILLE A,6158409,4/25/2022 7:00,2022,4,25,7:00,11.7,,7.7,,77,,,M,30,,8,,,M,98.99,,,,,,NA
-79.37,43.86,TORONTO BUTTONVILLE A,6158409,4/25/2022 8:00,2022,4,25,8:00,13.7,,8.8,,72,,,M,33,,3,,,M,98.99,,,,,,NA
-79.37,43.86,TORONTO BUTTONVILLE A,6158409,4/25/2022 9:00,2022,4,25,9:00,16.1,,10.8,,71,,,M,19,,6,,,M,98.97,,,,,,NA
-79.37,43.86,TORONTO BUTTONVILLE A,6158409,4/25/2022 10:00,2022,4,25,10:00,18.3,,12.6,,69,,,M,20,,6,,,M,99,,,,,,NA
-79.37,43.86,TORONTO BUTTONVILLE A,6158409,4/25/2022 11:00,2022,4,25,11:00,18.5,,10.8,,61,,,M,15,,7,,,M,99.03,,,,,,NA
-79.37,43.86,TORONTO BUTTONVILLE A,6158409,4/25/2022 12:00,2022,4,25,12:00,18.7,,11.7,,63,,,M,2,,7,,,M,99.02,,,,,,NA
-79.37,43.86,TORONTO BUTTONVILLE A,6158409,4/25/2022 13:00,2022,4,25,13:00,17.9,,13.6,,76,,,M,30,,12,,,M,99.03,,,,,,NA
-79.37,43.86,TORONTO BUTTONVILLE A,6158409,4/25/2022 14:00,2022,4,25,14:00,15.8,,13.6,,87,,,M,32,,14,,,M,99,,,,,,NA
-79.37,43.86,TORONTO BUTTONVILLE A,6158409,4/25/2022 15:00,2022,4,25,15:00,14.9,,12.6,,86,,,M,31,,23,,,M,98.91,,,,,,NA
-79.37,43.86,TORONTO BUTTONVILLE A,6158409,4/25/2022 16:00,2022,4,25,16:00,15,,11.9,,82,,,M,32,,25,,,M,98.84,,,,,,NA
-79.37,43.86,TORONTO BUTTONVILLE A,6158409,4/25/2022 17:00,2022,4,25,17:00,12.9,,11.6,,91,,,M,30,,21,,,M,99.07,,,,,,NA
-79.37,43.86,TORONTO BUTTONVILLE A,6158409,4/25/2022 18:00,2022,4,25,18:00,12.2,,11.1,,92,,,M,34,,16,,,M,99.05,,,,,,NA
-79.37,43.86,TORONTO BUTTONVILLE A,6158409,4/25/2022 19:00,2022,4,25,19:00,12,,10.8,,92,,,M,33,,13,,,M,99.08,,,,,,NA
-79.37,43.86,TORONTO BUTTONVILLE A,6158409,4/25/2022 20:00,2022,4,25,20:00,11.4,,9.6,,89,,,M,30,,20,,,M,99.15,,,,,,NA
-79.37,43.86,TORONTO BUTTONVILLE A,6158409,4/25/2022 21:00,2022,4,25,21:00,10.8,,10.2,,96,,,M,23,,4,,,M,99.22,,,,,,NA
-79.37,43.86,TORONTO BUTTONVILLE A,6158409,4/25/2022 22:00,2022,4,25,22:00,10.8,,10.3,,97,,,M,26,,4,,,M,99.22,,,,,,NA
-79.37,43.86,TORONTO BUTTONVILLE A,6158409,4/25/2022 23:00,2022,4,25,23:00,11.2,,10.6,,96,,,M,21,,7,,,M,99.24,,,,,,NA
-79.37,43.86,TORONTO BUTTONVILLE A,6158409,4/26/2022 0:00,2022,4,26,0:00,11.2,,10.3,,94,,,M,22,,9,,,M,99.24,,,,,,NA
-79.37,43.86,TORONTO BUTTONVILLE A,6158409,4/26/2022 1:00,2022,4,26,1:00,10.9,,7.1,,77,,,M,27,,26,,,M,99.27,,,,,,NA
-79.37,43.86,TORONTO BUTTONVILLE A,6158409,4/26/2022 2:00,2022,4,26,2:00,9.9,,5.6,,74,,,M,27,,10,,,M,99.28,,,,,,NA
-79.37,43.86,TORONTO BUTTONVILLE A,6158409,4/26/2022 3:00,2022,4,26,3:00,8.8,,4,,72,,,M,26,,11,,,M,99.31,,,,,,NA
-79.37,43.86,TORONTO BUTTONVILLE A,6158409,4/26/2022 4:00,2022,4,26,4:00,7.9,,3.6,,74,,,M,27,,18,,,M,99.37,,,,,,NA
-79.37,43.86,TORONTO BUTTONVILLE A,6158409,4/26/2022 5:00,2022,4,26,5:00,7.2,,3.3,,76,,,M,27,,21,,,M,99.42,,,,,,NA
-79.37,43.86,TORONTO BUTTONVILLE A,6158409,4/26/2022 6:00,2022,4,26,6:00,6.6,,3.6,,81,,,M,28,,7,,,M,99.49,,,,,,NA
-79.37,43.86,TORONTO BUTTONVILLE A,6158409,4/26/2022 7:00,2022,4,26,7:00,7.1,,3.8,,80,,,M,29,,22,,,M,99.53,,,,,,NA
-79.37,43.86,TORONTO BUTTONVILLE A,6158409,4/26/2022 8:00,2022,4,26,8:00,7.3,,3.2,,75,,,M,28,,27,,,M,99.54,,,,,,NA
-79.37,43.86,TORONTO BUTTONVILLE A,6158409,4/26/2022 9:00,2022,4,26,9:00,8.1,,2.2,,66,,,M,28,,25,,,M,99.53,,,,,,NA
-79.37,43.86,TORONTO BUTTONVILLE A,6158409,4/26/2022 10:00,2022,4,26,10:00,8.3,,2.3,,66,,,M,26,,26,,,M,99.55,,,,,,NA
-79.37,43.86,TORONTO BUTTONVILLE A,6158409,4/26/2022 11:00,2022,4,26,11:00,8.7,,2.3,,64,,,M,26,,13,,,M,99.48,,,,,,NA
-79.37,43.86,TORONTO BUTTONVILLE A,6158409,4/26/2022 12:00,2022,4,26,12:00,9,,0.9,,56,,,M,27,,20,,,M,99.46,,,,,,NA
-79.37,43.86,TORONTO BUTTONVILLE A,6158409,4/26/2022 13:00,2022,4,26,13:00,9.6,,1.9,,59,,,M,27,,23,,,M,99.44,,,,,,NA
-79.37,43.86,TORONTO BUTTONVILLE A,6158409,4/26/2022 14:00,2022,4,26,14:00,9.1,,1.1,,57,,,M,28,,26,,,M,99.42,,,,,,NA
-79.37,43.86,TORONTO BUTTONVILLE A,6158409,4/26/2022 15:00,2022,4,26,15:00,9,,1.7,,60,,,M,26,,25,,,M,99.37,,,,,,NA
-79.37,43.86,TORONTO BUTTONVILLE A,6158409,4/26/2022 16:00,2022,4,26,16:00,7.3,,2.7,,72,,,M,29,,29,,,M,99.42,,,,,,NA
-79.37,43.86,TORONTO BUTTONVILLE A,6158409,4/26/2022 17:00,2022,4,26,17:00,6.5,,2.6,,76,,,M,29,,24,,,M,99.42,,,,,,NA
-79.37,43.86,TORONTO BUTTONVILLE A,6158409,4/26/2022 18:00,2022,4,26,18:00,6.7,,2.4,,74,,,M,30,,22,,,M,99.39,,,,,,NA
-79.37,43.86,TORONTO BUTTONVILLE A,6158409,4/26/2022 19:00,2022,4,26,19:00,4.9,,2.6,,85,,,M,32,,20,,,M,99.43,,,,,,NA
-79.37,43.86,TORONTO BUTTONVILLE A,6158409,4/26/2022 20:00,2022,4,26,20:00,2.2,,0.8,,90,,,M,32,,28,,,M,99.49,,,,,,NA
-79.37,43.86,TORONTO BUTTONVILLE A,6158409,4/26/2022 21:00,2022,4,26,21:00,1.6,,-0.8,,84,,,M,32,,28,,,M,99.53,,,,,,NA
-79.37,43.86,TORONTO BUTTONVILLE A,6158409,4/26/2022 22:00,2022,4,26,22:00,1.3,,-0.7,,86,,,M,30,,23,,,M,99.51,,,,,,NA
-79.37,43.86,TORONTO BUTTONVILLE A,6158409,4/26/2022 23:00,2022,4,26,23:00,1.4,,-1.3,,82,,,M,30,,21,,,M,99.5,,,,,,NA
-79.37,43.86,TORONTO BUTTONVILLE A,6158409,4/27/2022 0:00,2022,4,27,0:00,1.6,,-2.2,,76,,,M,30,,30,,,M,99.49,,,,,,NA
-79.37,43.86,TORONTO BUTTONVILLE A,6158409,4/27/2022 1:00,2022,4,27,1:00,1.5,,-3.6,,69,,,M,30,,28,,,M,99.48,,,,,,NA
-79.37,43.86,TORONTO BUTTONVILLE A,6158409,4/27/2022 2:00,2022,4,27,2:00,1,,-4.1,,69,,,M,30,,28,,,M,99.46,,,,,,NA
-79.37,43.86,TORONTO BUTTONVILLE A,6158409,4/27/2022 3:00,2022,4,27,3:00,0.7,,-3.4,,74,,,M,30,,25,,,M,99.48,,,,,,NA
-79.37,43.86,TORONTO BUTTONVILLE A,6158409,4/27/2022 4:00,2022,4,27,4:00,0.2,,-5,,68,,,M,31,,28,,,M,99.49,,,,,,NA
-79.37,43.86,TORONTO BUTTONVILLE A,6158409,4/27/2022 5:00,2022,4,27,5:00,0,,-4.7,,71,,,M,29,,25,,,M,99.53,,,,-6,,NA
-79.37,43.86,TORONTO BUTTONVILLE A,6158409,4/27/2022 6:00,2022,4,27,6:00,0.1,,-5.4,,67,,,M,29,,24,,,M,99.56,,,,,,NA
-79.37,43.86,TORONTO BUTTONVILLE A,6158409,4/27/2022 7:00,2022,4,27,7:00,0.5,,-5.7,,63,,,M,30,,27,,,M,99.57,,,,,,NA
-79.37,43.86,TORONTO BUTTONVILLE A,6158409,4/27/2022 8:00,2022,4,27,8:00,0.7,,-7.3,,55,,,M,29,,39,,,M,99.6,,,,,,NA
-79.37,43.86,TORONTO BUTTONVILLE A,6158409,4/27/2022 9:00,2022,4,27,9:00,1.3,,-6.9,,54,,,M,29,,38,,,M,99.6,,,,,,NA
-79.37,43.86,TORONTO BUTTONVILLE A,6158409,4/27/2022 10:00,2022,4,27,10:00,1.8,,-7,,52,,,M,28,,30,,,M,99.59,,,,,,NA
-79.37,43.86,TORONTO BUTTONVILLE A,6158409,4/27/2022 11:00,2022,4,27,11:00,2.2,,-5.3,,58,,,M,30,,35,,,M,99.59,,,,,,NA
-79.37,43.86,TORONTO BUTTONVILLE A,6158409,4/27/2022 12:00,2022,4,27,12:00,2.8,,-5.1,,56,,,M,31,,36,,,M,99.58,,,,,,NA
-79.37,43.86,TORONTO BUTTONVILLE A,6158409,4/27/2022 13:00,2022,4,27,13:00,2.4,,-4.4,,61,,,M,31,,42,,,M,99.64,,,,,,NA
-79.37,43.86,TORONTO BUTTONVILLE A,6158409,4/27/2022 14:00,2022,4,27,14:00,2.3,,-4.6,,60,,,M,30,,42,,,M,99.67,,,,,,NA
-79.37,43.86,TORONTO BUTTONVILLE A,6158409,4/27/2022 15:00,2022,4,27,15:00,3,,-4.9,,56,,,M,31,,30,,,M,99.69,,,,,,NA
-79.37,43.86,TORONTO BUTTONVILLE A,6158409,4/27/2022 16:00,2022,4,27,16:00,2.3,,-4.5,,61,,,M,31,,34,,,M,99.73,,,,,,NA
-79.37,43.86,TORONTO BUTTONVILLE A,6158409,4/27/2022 17:00,2022,4,27,17:00,1.5,,-5.5,,60,,,M,31,,31,,,M,99.79,,,,,,NA
-79.37,43.86,TORONTO BUTTONVILLE A,6158409,4/27/2022 18:00,2022,4,27,18:00,1.1,,-7.5,,53,,,M,31,,37,,,M,99.83,,,,,,NA
-79.37,43.86,TORONTO BUTTONVILLE A,6158409,4/27/2022 19:00,2022,4,27,19:00,0,,-5.9,,65,,,M,31,,27,,,M,99.85,,,,-6,,NA
-79.37,43.86,TORONTO BUTTONVILLE A,6158409,4/27/2022 20:00,2022,4,27,20:00,0.2,,-6,,63,,,M,29,,23,,,M,99.87,,,,,,NA
-79.37,43.86,TORONTO BUTTONVILLE A,6158409,4/27/2022 21:00,2022,4,27,21:00,0.7,,-5.4,,64,,,M,29,,18,,,M,99.93,,,,,,NA
-79.37,43.86,TORONTO BUTTONVILLE A,6158409,4/27/2022 22:00,2022,4,27,22:00,1,,-5.4,,62,,,M,30,,25,,,M,99.98,,,,,,NA
-79.37,43.86,TORONTO BUTTONVILLE A,6158409,4/27/2022 23:00,2022,4,27,23:00,0.4,,-5,,67,,,M,29,,21,,,M,100.02,,,,,,NA
-79.37,43.86,TORONTO BUTTONVILLE A,6158409,4/28/2022 0:00,2022,4,28,0:00,-0.2,,-4.8,,71,,,M,28,,16,,,M,100.05,,,,-5,,NA
-79.37,43.86,TORONTO BUTTONVILLE A,6158409,4/28/2022 1:00,2022,4,28,1:00,-0.9,,-4.6,,76,,,M,27,,16,,,M,100.06,,,,-6,,NA
-79.37,43.86,TORONTO BUTTONVILLE A,6158409,4/28/2022 2:00,2022,4,28,2:00,-0.1,,-4.1,,74,,,M,30,,26,,,M,100.08,,,,-6,,NA
-79.37,43.86,TORONTO BUTTONVILLE A,6158409,4/28/2022 3:00,2022,4,28,3:00,-0.5,,-4.9,,72,,,M,30,,24,,,M,100.09,,,,-6,,NA
-79.37,43.86,TORONTO BUTTONVILLE A,6158409,4/28/2022 4:00,2022,4,28,4:00,-1,,-5,,74,,,M,30,,21,,,M,100.09,,,,-7,,NA
-79.37,43.86,TORONTO BUTTONVILLE A,6158409,4/28/2022 5:00,2022,4,28,5:00,-1.1,,-5.7,,71,,,M,30,,19,,,M,100.11,,,,-6,,NA
-79.37,43.86,TORONTO BUTTONVILLE A,6158409,4/28/2022 6:00,2022,4,28,6:00,-0.6,,-6.2,,66,,,M,30,,19,,,M,100.18,,,,-6,,NA
-79.37,43.86,TORONTO BUTTONVILLE A,6158409,4/28/2022 7:00,2022,4,28,7:00,0.7,,-7.6,,54,,,M,31,,23,,,M,100.22,,,,,,NA
-79.37,43.86,TORONTO BUTTONVILLE A,6158409,4/28/2022 8:00,2022,4,28,8:00,2.5,,-8.8,,43,,,M,32,,17,,,M,100.25,,,,,,NA
-79.37,43.86,TORONTO BUTTONVILLE A,6158409,4/28/2022 9:00,2022,4,28,9:00,3.7,,-8.9,,39,,,M,31,,23,,,M,100.24,,,,,,NA
-79.37,43.86,TORONTO BUTTONVILLE A,6158409,4/28/2022 10:00,2022,4,28,10:00,4.6,,-10.5,,33,,,M,31,,25,,,M,100.22,,,,,,NA
-79.37,43.86,TORONTO BUTTONVILLE A,6158409,4/28/2022 11:00,2022,4,28,11:00,6,,-7.6,,37,,,M,31,,30,,,M,100.21,,,,,,NA
-79.37,43.86,TORONTO BUTTONVILLE A,6158409,4/28/2022 12:00,2022,4,28,12:00,7.1,,-7.6,,34,,,M,31,,25,,,M,100.19,,,,,,NA
-79.37,43.86,TORONTO BUTTONVILLE A,6158409,4/28/2022 13:00,2022,4,28,13:00,8.1,,-6.9,,34,,,M,31,,28,,,M,100.14,,,,,,NA
-79.37,43.86,TORONTO BUTTONVILLE A,6158409,4/28/2022 14:00,2022,4,28,14:00,8.5,,-6.3,,35,,,M,31,,26,,,M,100.08,,,,,,NA
-79.37,43.86,TORONTO BUTTONVILLE A,6158409,4/28/2022 15:00,2022,4,28,15:00,8.6,,-6.6,,33,,,M,31,,30,,,M,100.04,,,,,,NA
-79.37,43.86,TORONTO BUTTONVILLE A,6158409,4/28/2022 16:00,2022,4,28,16:00,8.6,,-5.6,,36,,,M,31,,22,,,M,99.99,,,,,,NA
-79.37,43.86,TORONTO BUTTONVILLE A,6158409,4/28/2022 17:00,2022,4,28,17:00,8,,-7.5,,33,,,M,32,,26,,,M,100,,,,,,NA
-79.37,43.86,TORONTO BUTTONVILLE A,6158409,4/28/2022 18:00,2022,4,28,18:00,7.1,,-8,,33,,,M,31,,25,,,M,99.99,,,,,,NA
-79.37,43.86,TORONTO BUTTONVILLE A,6158409,4/28/2022 19:00,2022,4,28,19:00,5.4,,-8.4,,36,,,M,31,,29,,,M,100.01,,,,,,NA
-79.37,43.86,TORONTO BUTTONVILLE A,6158409,4/28/2022 20:00,2022,4,28,20:00,3.6,,-8.5,,41,,,M,30,,22,,,M,100.05,,,,,,NA
-79.37,43.86,TORONTO BUTTONVILLE A,6158409,4/28/2022 21:00,2022,4,28,21:00,2.6,,-9.7,,40,,,M,31,,23,,,M,100.07,,,,,,NA
-79.37,43.86,TORONTO BUTTONVILLE A,6158409,4/28/2022 22:00,2022,4,28,22:00,2,,-9.4,,43,,,M,31,,16,,,M,100.09,,,,,,NA
-79.37,43.86,TORONTO BUTTONVILLE A,6158409,4/28/2022 23:00,2022,4,28,23:00,1.5,,-9.3,,45,,,M,31,,18,,,M,100.11,,,,,,NA
-79.37,43.86,TORONTO BUTTONVILLE A,6158409,4/29/2022 0:00,2022,4,29,0:00,1.2,,-9.2,,46,,,M,30,,17,,,M,100.14,,,,,,NA
-79.37,43.86,TORONTO BUTTONVILLE A,6158409,4/29/2022 1:00,2022,4,29,1:00,0.9,,-9.7,,45,,,M,31,,15,,,M,100.14,,,,,,NA
-79.37,43.86,TORONTO BUTTONVILLE A,6158409,4/29/2022 2:00,2022,4,29,2:00,0.7,,-8.9,,49,,,M,30,,19,,,M,100.15,,,,,,NA
-79.37,43.86,TORONTO BUTTONVILLE A,6158409,4/29/2022 3:00,2022,4,29,3:00,-0.2,,-7.8,,56,,,M,30,,17,,,M,100.15,,,,-5,,NA
-79.37,43.86,TORONTO BUTTONVILLE A,6158409,4/29/2022 4:00,2022,4,29,4:00,-0.7,,-6.9,,63,,,M,30,,18,,,M,100.17,,,,-6,,NA
-79.37,43.86,TORONTO BUTTONVILLE A,6158409,4/29/2022 5:00,2022,4,29,5:00,-0.3,,-6.8,,62,,,M,30,,17,,,M,100.22,,,,-5,,NA
-79.37,43.86,TORONTO BUTTONVILLE A,6158409,4/29/2022 6:00,2022,4,29,6:00,0.5,,-5.8,,63,,,M,30,,17,,,M,100.27,,,,,,NA
-79.37,43.86,TORONTO BUTTONVILLE A,6158409,4/29/2022 7:00,2022,4,29,7:00,3.4,,-5.6,,52,,,M,32,,16,,,M,100.32,,,,,,NA
-79.37,43.86,TORONTO BUTTONVILLE A,6158409,4/29/2022 8:00,2022,4,29,8:00,5.4,,-5.1,,47,,,M,32,,17,,,M,100.32,,,,,,NA
-79.37,43.86,TORONTO BUTTONVILLE A,6158409,4/29/2022 9:00,2022,4,29,9:00,7.6,,-6,,38,,,M,2,,10,,,M,100.29,,,,,,NA
-79.37,43.86,TORONTO BUTTONVILLE A,6158409,4/29/2022 10:00,2022,4,29,10:00,9,,-5.8,,34,,,M,6,,10,,,M,100.23,,,,,,NA
-79.37,43.86,TORONTO BUTTONVILLE A,6158409,4/29/2022 11:00,2022,4,29,11:00,9.7,,-6.5,,31,,,M,32,,4,,,M,100.18,,,,,,NA
-79.37,43.86,TORONTO BUTTONVILLE A,6158409,4/29/2022 12:00,2022,4,29,12:00,11.1,,-7.6,,26,,,M,22,,4,,,M,100.11,,,,,,NA
-79.37,43.86,TORONTO BUTTONVILLE A,6158409,4/29/2022 13:00,2022,4,29,13:00,12,,-6.5,,27,,,M,33,,21,,,M,100.06,,,,,,NA
-79.37,43.86,TORONTO BUTTONVILLE A,6158409,4/29/2022 14:00,2022,4,29,14:00,12.1,,-8.3,,23,,,M,29,,17,,,M,99.99,,,,,,NA
-79.37,43.86,TORONTO BUTTONVILLE A,6158409,4/29/2022 15:00,2022,4,29,15:00,13.4,,-7,,24,,,M,29,,26,,,M,99.95,,,,,,NA
-79.37,43.86,TORONTO BUTTONVILLE A,6158409,4/29/2022 16:00,2022,4,29,16:00,13.8,,-7.5,,22,,,M,36,,13,,,M,99.91,,,,,,NA
-79.37,43.86,TORONTO BUTTONVILLE A,6158409,4/29/2022 17:00,2022,4,29,17:00,14.2,,-4.5,,27,,,M,30,,24,,,M,99.9,,,,,,NA
-79.37,43.86,TORONTO BUTTONVILLE A,6158409,4/29/2022 18:00,2022,4,29,18:00,13.4,,-4.8,,28,,,M,31,,19,,,M,99.88,,,,,,NA
-79.37,43.86,TORONTO BUTTONVILLE A,6158409,4/29/2022 19:00,2022,4,29,19:00,11.6,,-4.3,,33,,,M,34,,17,,,M,99.85,,,,,,NA
-79.37,43.86,TORONTO BUTTONVILLE A,6158409,4/29/2022 20:00,2022,4,29,20:00,9.4,,-4.2,,38,,,M,32,,15,,,M,99.92,,,,,,NA
-79.37,43.86,TORONTO BUTTONVILLE A,6158409,4/29/2022 21:00,2022,4,29,21:00,7.7,,-3.8,,44,,,M,30,,17,,,M,99.97,,,,,,NA
-79.37,43.86,TORONTO BUTTONVILLE A,6158409,4/29/2022 22:00,2022,4,29,22:00,6.8,,-5.5,,41,,,M,30,,16,,,M,99.99,,,,,,NA
-79.37,43.86,TORONTO BUTTONVILLE A,6158409,4/29/2022 23:00,2022,4,29,23:00,5.8,,-5.8,,43,,,M,30,,18,,,M,99.98,,,,,,NA
-79.37,43.86,TORONTO BUTTONVILLE A,6158409,4/30/2022 0:00,2022,4,30,0:00,5.3,,-6.2,,43,,,M,32,,17,,,M,99.98,,,,,,NA
-79.37,43.86,TORONTO BUTTONVILLE A,6158409,4/30/2022 1:00,2022,4,30,1:00,5,,-6.1,,44,,,M,31,,13,,,M,99.97,,,,,,NA
-79.37,43.86,TORONTO BUTTONVILLE A,6158409,4/30/2022 2:00,2022,4,30,2:00,3.8,,-6,,49,,,M,30,,13,,,M,99.95,,,,,,NA
-79.37,43.86,TORONTO BUTTONVILLE A,6158409,4/30/2022 3:00,2022,4,30,3:00,3.5,,-5.7,,51,,,M,29,,9,,,M,99.97,,,,,,NA
-79.37,43.86,TORONTO BUTTONVILLE A,6158409,4/30/2022 4:00,2022,4,30,4:00,3.1,,-5.4,,54,,,M,32,,12,,,M,99.97,,,,,,NA
-79.37,43.86,TORONTO BUTTONVILLE A,6158409,4/30/2022 5:00,2022,4,30,5:00,2.5,,-5.8,,54,,,M,30,,11,,,M,100,,,,,,NA
-79.37,43.86,TORONTO BUTTONVILLE A,6158409,4/30/2022 6:00,2022,4,30,6:00,3.3,,-5.6,,52,,,M,31,,10,,,M,100.04,,,,,,NA
-79.37,43.86,TORONTO BUTTONVILLE A,6158409,4/30/2022 7:00,2022,4,30,7:00,7.4,,-6.2,,37,,,M,36,,4,,,M,100.09,,,,,,NA
-79.37,43.86,TORONTO BUTTONVILLE A,6158409,4/30/2022 8:00,2022,4,30,8:00,9.8,,-7,,30,,,M,5,,9,,,M,100.08,,,,,,NA
-79.37,43.86,TORONTO BUTTONVILLE A,6158409,4/30/2022 9:00,2022,4,30,9:00,11.2,,-6.5,,28,,,M,15,,8,,,M,100.05,,,,,,NA
-79.37,43.86,TORONTO BUTTONVILLE A,6158409,4/30/2022 10:00,2022,4,30,10:00,12.6,,-6.8,,25,,,M,6,,7,,,M,100.02,,,,,,NA
-79.37,43.86,TORONTO BUTTONVILLE A,6158409,4/30/2022 11:00,2022,4,30,11:00,13,,-7.4,,23,,,M,12,,8,,,M,99.98,,,,,,NA
-79.37,43.86,TORONTO BUTTONVILLE A,6158409,4/30/2022 12:00,2022,4,30,12:00,14,,-8.1,,21,,,M,18,,10,,,M,99.91,,,,,,NA
-79.37,43.86,TORONTO BUTTONVILLE A,6158409,4/30/2022 13:00,2022,4,30,13:00,13.7,,-7,,23,,,M,11,,12,,,M,99.86,,,,,,NA
-79.37,43.86,TORONTO BUTTONVILLE A,6158409,4/30/2022 14:00,2022,4,30,14:00,14.2,,-5,,26,,,M,22,,18,,,M,99.8,,,,,,NA
-79.37,43.86,TORONTO BUTTONVILLE A,6158409,4/30/2022 15:00,2022,4,30,15:00,14.3,,-4.5,,27,,,M,22,,18,,,M,99.73,,,,,,NA
-79.37,43.86,TORONTO BUTTONVILLE A,6158409,4/30/2022 16:00,2022,4,30,16:00,14.1,,-6.5,,23,,,M,16,,8,,,M,99.66,,,,,,NA
-79.37,43.86,TORONTO BUTTONVILLE A,6158409,4/30/2022 17:00,2022,4,30,17:00,13.4,,-6.2,,25,,,M,18,,10,,,M,99.67,,,,,,NA
-79.37,43.86,TORONTO BUTTONVILLE A,6158409,4/30/2022 18:00,2022,4,30,18:00,12,,-7.4,,25,,,M,22,,16,,,M,99.69,,,,,,NA
-79.37,43.86,TORONTO BUTTONVILLE A,6158409,4/30/2022 19:00,2022,4,30,19:00,11.2,,-7.2,,27,,,M,18,,8,,,M,99.68,,,,,,NA
-79.37,43.86,TORONTO BUTTONVILLE A,6158409,4/30/2022 20:00,2022,4,30,20:00,10.7,,-8.3,,26,,,M,18,,7,,,M,99.64,,,,,,NA
-79.37,43.86,TORONTO BUTTONVILLE A,6158409,4/30/2022 21:00,2022,4,30,21:00,8.5,,-5.9,,36,,,M,33,,4,,,M,99.64,,,,,,NA
-79.37,43.86,TORONTO BUTTONVILLE A,6158409,4/30/2022 22:00,2022,4,30,22:00,7.4,,-5.9,,38,,,M,3,,3,,,M,99.58,,,,,,NA
-79.37,43.86,TORONTO BUTTONVILLE A,6158409,4/30/2022 23:00,2022,4,30,23:00,6.9,,-6.7,,37,,,M,1,,4,,,M,99.6,,,,,,NA
